"SETTLEMENT_DATE","SETTLEMENT_PERIOD","ND","TSD","ENGLAND_WALES_DEMAND","EMBEDDED_WIND_GENERATION","EMBEDDED_WIND_CAPACITY","EMBEDDED_SOLAR_GENERATION","EMBEDDED_SOLAR_CAPACITY","NON_BM_STOR","PUMP_STORAGE_PUMPING","SCOTTISH_TRANSFER","IFA_FLOW","IFA2_FLOW","BRITNED_FLOW","MOYLE_FLOW","EAST_WEST_FLOW","NEMO_FLOW","NSL_FLOW","ELECLINK_FLOW","VIKING_FLOW","GREENLINK_FLOW"
"2025-01-01",1,21036,26215,19918,5405,6606,0,18720,0,859,6353,-1518,-1026,1,-232,-386,-558,96,0,241,0
"2025-01-01",2,21222,26063,20167,5358,6606,0,18720,0,735,6333,-1513,-1023,1,-124,-282,-564,51,0,262,0
"2025-01-01",3,21385,25734,20328,5237,6606,0,18720,0,691,6380,-1428,-922,1,-119,-384,-205,62,0,414,0
"2025-01-01",4,20473,24988,19460,5115,6606,0,18720,0,931,6250,-1423,-915,0,-119,-334,-193,37,0,423,0
"2025-01-01",5,19634,24912,18654,5080,6606,0,18720,0,854,6142,-1539,-899,0,-119,-363,-622,-282,0,288,0
"2025-01-01",6,19214,24562,18248,5044,6606,0,18720,0,880,6338,-1543,-899,1,-119,-345,-640,-322,0,273,0
"2025-01-01",7,18874,24258,17855,4972,6606,0,18720,0,777,6549,-1467,-924,0,-119,-390,-777,-330,0,147,0
"2025-01-01",8,18448,24015,17367,4900,6606,0,18720,0,914,6540,-1465,-928,0,-119,-413,-782,-346,0,127,0
"2025-01-01",9,17844,24100,16774,4815,6606,0,18720,0,914,6586,-1541,-1021,1,-119,-412,-855,-538,0,-256,0
"2025-01-01",10,17545,23924,16489,4730,6606,0,18720,0,901,6263,-1546,-1027,1,-119,-465,-858,-581,0,-282,0
"2025-01-01",11,17383,23985,16289,4594,6606,0,18720,0,910,6011,-1546,-1026,1,-119,-498,-793,-826,0,-284,0
"2025-01-01",12,17609,24064,16498,4457,6606,0,18720,0,903,5999,-1546,-1026,1,-119,-358,-788,-832,0,-283,0
"2025-01-01",13,18620,24067,17411,4314,6606,0,18720,0,898,5977,-1546,-1028,0,-119,-207,-349,-531,0,-169,0
"2025-01-01",14,18757,23989,17485,4171,6606,0,18720,0,898,5861,-1545,-1013,0,-119,-89,-327,-490,0,-151,0
"2025-01-01",15,19371,23563,18095,4254,6606,0,18720,0,900,5384,-1478,-460,1,-119,-189,133,-446,0,192,0
"2025-01-01",16,19466,23572,18171,4336,6606,0,18720,0,889,4989,-1467,-423,0,-119,-198,154,-410,0,217,0
"2025-01-01",17,20047,23638,18688,4600,6606,0,18720,0,887,4826,-1144,-474,1,-121,-333,437,-32,0,260,0
"2025-01-01",18,20771,24373,19399,4864,6606,1,18720,0,804,5254,-1107,-463,1,-220,-408,447,45,0,281,0
"2025-01-01",19,22290,25010,20754,4849,6606,29,18720,0,875,5440,-425,74,1,-300,-520,167,419,0,897,0
"2025-01-01",20,23225,25784,21697,4833,6606,115,18720,0,754,5528,-375,122,0,-300,-530,163,495,0,938,0
"2025-01-01",21,24685,26796,23023,4715,6606,220,18720,0,680,5158,53,507,0,-300,-531,710,867,0,885,0
"2025-01-01",22,25327,27582,23550,4597,6606,320,18720,0,755,4961,121,545,0,-369,-531,736,943,0,883,0
"2025-01-01",23,26995,29359,25023,4448,6606,365,18720,0,783,4687,1354,963,0,-450,-531,1008,1317,0,982,0
"2025-01-01",24,27723,29852,25618,4298,6606,424,18720,0,577,4686,1461,992,0,-445,-507,1019,1366,0,989,0
"2025-01-01",25,28785,30144,26600,4270,6606,462,18720,0,18,4841,1508,991,1,-369,-372,1019,1394,0,985,0
"2025-01-01",26,29386,30688,27073,4241,6606,463,18720,0,5,4859,1511,991,0,-443,-254,1019,1397,0,985,0
"2025-01-01",27,29865,31056,27517,4007,6606,495,18720,0,5,5239,1511,992,1,-451,-135,1019,1397,0,985,0
"2025-01-01",28,29858,31145,27419,3772,6606,492,18720,0,9,4910,1510,991,0,-450,-228,1019,1397,0,985,0
"2025-01-01",29,29999,31271,27504,3541,6606,340,18720,0,9,4839,1511,992,1,-449,-214,1000,1397,0,985,0
"2025-01-01",30,30406,31648,27807,3310,6606,191,18720,0,9,4444,1510,991,1,-383,-250,999,1397,0,985,0
"2025-01-01",31,30780,32235,28104,3140,6606,69,18720,0,10,4077,1510,991,1,-445,-400,999,1397,0,985,0
"2025-01-01",32,31036,32569,28258,2969,6606,5,18720,0,19,3733,1511,991,1,-450,-464,1000,1397,0,985,0
"2025-01-01",33,32260,33833,29332,2734,6606,0,18720,0,13,3680,1510,991,0,-450,-510,999,1397,0,985,0
"2025-01-01",34,33636,35226,30573,2499,6606,0,18720,0,10,3612,1511,991,1,-450,-530,999,1397,0,985,0
"2025-01-01",35,34021,35612,30977,2340,6606,0,18720,0,11,3637,1510,991,0,-450,-530,999,1397,0,985,0
"2025-01-01",36,34014,35605,31045,2181,6606,0,18720,0,10,3797,1510,992,1,-450,-531,999,1397,0,985,0
"2025-01-01",37,33569,35157,30715,2081,6606,0,18720,0,7,3923,1510,991,1,-450,-531,999,1397,0,985,0
"2025-01-01",38,32966,34558,30142,1980,6606,0,18720,0,11,3926,1510,991,0,-450,-531,999,1397,0,985,0
"2025-01-01",39,32273,33867,29570,1882,6606,0,18720,0,13,3810,1511,992,0,-450,-531,999,1397,0,985,0
"2025-01-01",40,31660,33255,28965,1783,6606,0,18720,0,15,3816,1510,991,1,-450,-530,999,1397,0,985,0
"2025-01-01",41,31110,32704,28445,1730,6606,0,18720,0,16,3777,1510,992,1,-450,-528,999,1397,0,985,0
"2025-01-01",42,29907,31503,27382,1676,6606,0,18720,0,17,3632,1510,991,0,-450,-529,999,1397,0,985,0
"2025-01-01",43,28916,30510,26484,1631,6606,0,18720,0,16,3728,1511,992,1,-450,-528,999,1397,0,985,0
"2025-01-01",44,27676,29268,25340,1586,6606,0,18720,0,13,3931,1510,992,1,-450,-529,999,1397,0,985,0
"2025-01-01",45,26773,28361,24526,1526,6606,0,18720,0,9,3934,1510,992,1,-450,-529,999,1397,0,985,0
"2025-01-01",46,25523,27087,23266,1466,6606,0,18720,0,8,3969,1511,991,1,-427,-529,999,1397,0,985,0
"2025-01-01",47,24513,25957,22276,1460,6606,0,18720,0,9,4138,1511,992,1,-364,-471,999,1397,0,985,0
"2025-01-01",48,23688,25042,21513,1453,6606,0,18720,0,9,4151,1511,992,0,-270,-475,999,1397,0,985,0
"2025-01-02",1,23560,24740,21449,1512,6606,0,18720,0,5,4278,1511,991,1,-231,-344,999,1397,0,985,0
"2025-01-02",2,24268,25354,22173,1571,6606,0,18720,0,8,4332,1511,992,1,-288,-190,999,1397,0,985,0
"2025-01-02",3,23892,24943,21806,1595,6606,0,18720,0,8,4091,1511,992,0,-274,-169,999,1397,0,985,0
"2025-01-02",4,23178,24364,21180,1619,6606,0,18720,0,28,3867,1512,992,1,-279,-279,999,1397,0,985,0
"2025-01-02",5,22879,24317,20877,1638,6606,0,18720,0,57,3997,1512,992,1,-351,-430,999,1397,0,985,0
"2025-01-02",6,22398,23904,20476,1656,6606,0,18720,0,45,4003,1512,992,0,-334,-527,999,1397,0,985,0
"2025-01-02",7,22024,23942,20043,1665,6606,0,18720,0,473,3941,1512,992,0,-316,-529,999,1397,0,985,0
"2025-01-02",8,21955,23983,19939,1673,6606,0,18720,0,595,3963,1512,992,0,-303,-530,999,1397,0,991,0
"2025-01-02",9,21955,23958,19995,1643,6606,0,18720,0,574,3845,1513,992,0,-300,-529,980,1397,0,1210,0
"2025-01-02",10,21857,24159,19935,1612,6606,0,18720,0,873,3837,1513,990,1,-300,-529,979,1397,0,1229,0
"2025-01-02",11,22329,24630,20405,1675,6606,0,18720,0,867,3774,1484,917,0,-303,-531,875,1397,0,1409,0
"2025-01-02",12,22843,25095,20897,1737,6606,0,18720,0,828,3951,1483,914,0,-315,-509,851,1398,0,1421,0
"2025-01-02",13,24594,26028,22627,1742,6606,0,18720,0,115,4087,1465,986,0,-344,-375,32,1397,0,1377,0
"2025-01-02",14,26502,27766,24455,1746,6606,0,18720,0,15,4108,1449,978,0,-391,-222,-36,1397,0,1373,0
"2025-01-02",15,28122,30168,26011,1758,6606,0,18720,0,15,4207,918,478,0,-409,-185,-837,1397,0,1329,0
"2025-01-02",16,29851,32003,27656,1770,6606,0,18720,0,18,4403,893,453,0,-363,-308,-863,1397,0,1328,0
"2025-01-02",17,32523,34049,30220,1739,6606,1,18720,0,15,4180,1458,770,0,-442,-458,-11,1397,0,1417,0
"2025-01-02",18,33490,35021,31174,1708,6606,268,18720,0,14,4170,1489,796,1,-450,-467,62,1397,0,1425,0
"2025-01-02",19,34501,36093,31981,1658,6606,1241,18720,0,17,3751,1510,979,0,-450,-525,893,1397,0,1426,0
"2025-01-02",20,34671,36268,31959,1607,6606,2385,18720,0,16,3443,1511,992,0,-450,-531,940,1397,0,1426,0
"2025-01-02",21,34278,35870,31546,1516,6606,3437,18720,0,11,3429,1513,992,0,-450,-531,442,1397,0,1426,0
"2025-01-02",22,33808,35402,30965,1425,6606,4321,18720,0,13,3263,1511,991,0,-450,-531,415,1397,0,1426,0
"2025-01-02",23,33334,35001,30514,1403,6606,4950,18720,0,12,3430,1376,992,0,-450,-531,-74,1397,0,1426,0
"2025-01-02",24,33213,34887,30342,1381,6606,5299,18720,0,12,3335,1368,992,0,-450,-531,-81,1397,0,1426,0
"2025-01-02",25,33732,35328,30769,1420,6606,5421,18720,0,15,3295,1389,992,0,-450,-531,667,1397,0,1426,0
"2025-01-02",26,33863,35454,30830,1459,6606,5302,18720,0,12,3275,1377,987,0,-448,-531,709,1397,0,1426,0
"2025-01-02",27,33726,35320,30758,1431,6606,4908,18720,0,13,3184,1238,807,0,-450,-531,624,1397,0,1426,0
"2025-01-02",28,33837,35431,30854,1402,6606,4226,18720,0,13,3164,1230,793,0,-450,-531,618,1397,0,1417,0
"2025-01-02",29,34305,35901,31344,1406,6606,3349,18720,0,14,3185,1240,746,0,-451,-531,184,1397,0,1080,0
"2025-01-02",30,35371,36964,32361,1409,6606,2236,18720,0,12,3183,1240,740,0,-450,-531,171,1397,0,1059,0
"2025-01-02",31,36920,38504,33850,1451,6606,958,18720,0,3,2936,1209,632,0,-450,-531,702,1397,0,1164,0
"2025-01-02",32,38264,39850,35185,1492,6606,144,18720,0,5,3493,1210,634,0,-450,-531,727,1397,0,1172,0
"2025-01-02",33,39309,40894,36045,1610,6606,0,18720,0,4,3348,1425,946,0,-450,-531,986,1397,0,1199,0
"2025-01-02",34,40412,41996,37152,1728,6606,0,18720,0,3,3148,1436,968,0,-450,-531,996,1397,0,1207,0
"2025-01-02",35,41103,42690,37714,1697,6606,0,18720,0,6,3044,1497,990,0,-450,-531,999,1397,0,1407,0
"2025-01-02",36,41589,43177,38017,1666,6606,0,18720,0,7,3759,1500,991,0,-450,-531,999,1397,0,1421,0
"2025-01-02",37,41707,43293,38123,1655,6606,0,18720,0,5,3907,1500,991,0,-450,-531,990,1397,0,1421,0
"2025-01-02",38,41274,42861,37866,1643,6606,0,18720,0,6,3996,1500,991,0,-450,-531,989,1397,0,1421,0
"2025-01-02",39,40726,42313,37470,1630,6606,0,18720,0,6,3721,1500,991,0,-450,-531,999,1397,0,1421,0
"2025-01-02",40,39329,40919,36164,1616,6606,0,18720,0,9,3848,1500,991,0,-450,-531,999,1397,0,1421,0
"2025-01-02",41,37688,39278,34646,1719,6606,0,18720,0,9,3918,1500,991,0,-450,-531,999,1397,0,1421,0
"2025-01-02",42,36225,37815,33360,1821,6606,0,18720,0,9,3755,1500,991,0,-450,-531,999,1397,0,1421,0
"2025-01-02",43,34665,36255,31988,1886,6606,0,18720,0,9,4041,1500,974,0,-450,-531,996,1397,0,1421,0
"2025-01-02",44,32999,34589,30513,1950,6606,0,18720,0,9,4152,1499,973,0,-450,-531,994,1397,0,1421,0
"2025-01-02",45,31220,32810,28968,2081,6606,0,18720,0,9,4060,1429,973,0,-450,-531,578,1397,0,1421,0
"2025-01-02",46,29654,31248,27557,2211,6606,0,18720,0,13,4258,1413,963,1,-450,-531,562,1397,0,1421,0
"2025-01-02",47,28245,29777,26285,2361,6606,0,18720,0,13,4711,919,620,0,-450,-469,933,1397,0,1421,0
"2025-01-02",48,27085,28656,25313,2510,6606,0,18720,0,12,4987,887,597,0,-450,-509,948,1397,0,1421,0
"2025-01-03",1,27266,28874,25564,2611,6606,0,18720,0,27,5117,825,620,0,-450,-531,986,1397,0,1421,0
"2025-01-03",2,27226,28870,25674,2711,6606,0,18720,0,63,5345,833,625,0,-450,-531,987,1397,0,1421,0
"2025-01-03",3,26927,29029,25355,2756,6606,0,18720,0,521,5297,1428,739,1,-450,-531,944,1397,0,1421,0
"2025-01-03",4,26325,28492,24800,2801,6606,0,18720,0,623,5438,1452,744,1,-413,-531,942,1397,0,1421,0
"2025-01-03",5,25800,27927,24312,2763,6606,0,18720,0,628,5608,982,649,0,-368,-531,935,1397,0,1421,0
"2025-01-03",6,25401,27648,23968,2724,6606,0,18720,0,748,5486,957,640,0,-368,-531,926,1397,0,1421,0
"2025-01-03",7,25295,27492,23683,2685,6606,0,18720,0,698,5360,1200,551,1,-368,-531,308,1397,0,1421,0
"2025-01-03",8,24732,27118,23100,2646,6606,0,18720,0,887,5173,1200,537,0,-368,-531,275,1397,0,1421,0
"2025-01-03",9,24209,26661,22563,2629,6606,0,18720,0,885,4914,593,263,1,-368,-531,-68,1397,0,1421,0
"2025-01-03",10,24176,26622,22464,2611,6606,0,18720,0,882,4743,545,241,0,-368,-515,-81,1397,0,1421,0
"2025-01-03",11,24309,26543,22554,2469,6606,0,18720,0,693,4448,-56,123,1,-327,-387,-171,1397,0,1421,0
"2025-01-03",12,25118,26940,23231,2327,6606,0,18720,0,370,4116,-87,109,0,-277,-314,-174,1397,0,1421,0
"2025-01-03",13,27099,29143,25150,2262,6606,0,18720,0,300,4105,-262,-110,1,-254,-182,-336,1397,0,1421,0
"2025-01-03",14,28893,30805,26781,2196,6606,0,18720,0,31,3680,-266,-119,1,-294,-260,-342,1397,0,1421,0
"2025-01-03",15,31418,33025,29027,2105,6606,0,18720,0,15,3619,73,83,1,-428,-411,-153,1397,0,1421,0
"2025-01-03",16,33344,35081,30742,2014,6606,0,18720,0,15,3736,130,108,1,-450,-525,-147,1397,0,1421,0
"2025-01-03",17,35563,37319,32728,1966,6606,2,18720,0,14,3619,811,506,1,-450,-531,-161,1397,0,1421,0
"2025-01-03",18,36753,38473,33742,1917,6606,265,18720,0,11,3533,869,545,0,-450,-531,-128,1397,0,1421,0
"2025-01-03",19,37768,39362,34591,1808,6606,1185,18720,0,13,3224,1392,963,0,-450,-531,859,1397,0,1421,0
"2025-01-03",20,37437,39032,34234,1699,6606,2309,18720,0,13,3267,1426,990,1,-451,-531,928,1397,0,1421,0
"2025-01-03",21,37434,39029,34104,1571,6606,3410,18720,0,13,2918,1497,918,1,-451,-531,1009,1397,0,1421,0
"2025-01-03",22,36678,38273,33371,1442,6606,4268,18720,0,13,2830,1501,912,1,-451,-531,1012,1398,0,1421,0
"2025-01-03",23,36200,37795,32860,1393,6606,4792,18720,0,13,2783,1500,852,1,-451,-531,1009,1397,0,1421,0
"2025-01-03",24,35967,37561,32549,1344,6606,5059,18720,0,12,2576,1500,852,1,-451,-531,1009,1397,0,1421,0
"2025-01-03",25,35986,37578,32537,1319,6606,5058,18720,0,10,2361,1500,983,0,-451,-531,1018,1397,0,1421,0
"2025-01-03",26,35785,37377,32368,1294,6606,4923,18720,0,10,1921,1501,992,1,-451,-531,1018,1397,0,1421,0
"2025-01-03",27,35739,37331,32307,1161,6606,4476,18720,0,10,2118,1501,992,1,-451,-531,1014,1398,0,1421,0
"2025-01-03",28,36027,37621,32553,1027,6606,3826,18720,0,12,1790,1499,992,1,-451,-531,1013,1397,0,1421,0
"2025-01-03",29,36394,37989,32956,949,6606,3014,18720,0,13,1895,1429,992,0,-451,-531,967,1397,0,1421,0
"2025-01-03",30,37281,38876,33764,870,6606,1960,18720,0,13,1719,1427,992,1,-451,-531,965,1397,0,1421,0
"2025-01-03",31,38831,40427,35278,804,6606,843,18720,0,14,1790,1497,992,0,-451,-531,949,1397,0,1421,0
"2025-01-03",32,39451,41050,35884,738,6606,144,18720,0,17,1287,1501,992,0,-451,-531,948,1397,0,1421,0
"2025-01-03",33,40286,41884,36541,661,6606,0,18720,0,16,960,1501,992,0,-451,-531,984,1397,0,1421,0
"2025-01-03",34,41932,43517,38083,584,6606,0,18720,0,3,1404,1501,992,1,-451,-531,985,1397,0,1421,0
"2025-01-03",35,42419,44006,38382,544,6606,0,18720,0,5,1114,1501,992,1,-451,-531,999,1398,0,1422,0
"2025-01-03",36,42028,43615,38044,504,6606,0,18720,0,5,969,1501,991,0,-451,-531,999,1397,0,1421,0
"2025-01-03",37,41300,42888,37466,468,6606,0,18720,0,6,990,1501,991,0,-451,-531,997,1397,0,1421,0
"2025-01-03",38,40957,42545,37145,431,6606,0,18720,0,6,1070,1501,992,0,-451,-531,997,1397,0,1422,0
"2025-01-03",39,40127,41715,36439,433,6606,0,18720,0,6,1241,1501,992,1,-451,-531,990,1397,0,1422,0
"2025-01-03",40,39311,40899,35641,434,6606,0,18720,0,6,1288,1501,992,0,-451,-531,989,1397,0,1421,0
"2025-01-03",41,37960,39553,34425,438,6606,0,18720,0,11,1105,1501,992,1,-451,-531,999,1397,0,1421,0
"2025-01-03",42,36900,38493,33460,441,6606,0,18720,0,11,1044,1500,992,0,-451,-531,999,1398,0,1422,0
"2025-01-03",43,35577,37174,32283,446,6606,0,18720,0,15,988,1436,991,0,-451,-531,845,1397,0,1421,0
"2025-01-03",44,34433,36028,31290,450,6606,0,18720,0,13,1163,1432,991,0,-451,-531,838,1397,0,1419,0
"2025-01-03",45,32521,34113,29554,454,6606,0,18720,0,10,1486,1452,990,1,-451,-531,467,1398,0,1418,0
"2025-01-03",46,30997,32588,28108,457,6606,0,18720,0,9,1588,1452,990,1,-451,-531,458,1397,0,1418,0
"2025-01-03",47,29307,30898,26563,464,6606,0,18720,0,9,1253,1497,991,0,-451,-531,964,1397,0,1419,0
"2025-01-03",48,28361,29953,25707,471,6606,0,18720,0,10,1132,1499,991,0,-451,-531,987,1397,0,1419,0
"2025-01-04",1,28400,29925,25787,512,6606,0,18720,0,12,1256,1501,991,1,-383,-530,999,1398,0,1421,0
"2025-01-04",2,28632,30004,26112,552,6606,0,18720,0,12,1941,1501,991,0,-233,-527,999,1397,0,1419,0
"2025-01-04",3,28079,29349,25646,563,6606,0,18720,0,10,1999,1501,991,1,-129,-531,997,1397,0,1276,0
"2025-01-04",4,27235,28500,24894,573,6606,0,18720,0,9,1665,1501,991,0,-125,-531,999,1398,0,1259,0
"2025-01-04",5,26624,27891,24371,629,6606,0,18720,0,12,1765,1501,991,0,-124,-531,999,1397,0,1006,0
"2025-01-04",6,26271,27804,24010,685,6606,0,18720,0,278,1760,1501,990,1,-124,-531,999,1398,0,987,0
"2025-01-04",7,26216,27830,23971,727,6606,0,18720,0,359,1770,1501,972,0,-124,-531,999,1397,0,987,0
"2025-01-04",8,25663,27525,23402,769,6606,0,18720,0,607,1640,1499,960,1,-124,-531,999,1398,0,987,0
"2025-01-04",9,24721,26603,22518,734,6606,0,18720,0,627,1959,1272,576,1,-124,-531,743,1397,0,960,0
"2025-01-04",10,24352,26231,22164,698,6606,0,18720,0,624,2298,1255,541,0,-124,-531,732,1397,0,944,0
"2025-01-04",11,24419,26302,22271,699,6606,0,18720,0,628,2637,946,226,1,-124,-531,335,1397,0,438,0
"2025-01-04",12,25043,26666,22809,699,6606,0,18720,0,368,2819,923,205,1,-124,-531,320,1397,0,399,0
"2025-01-04",13,25909,27187,23640,710,6606,0,18720,0,106,2766,747,221,1,-124,-448,344,1397,0,253,0
"2025-01-04",14,26653,27726,24312,720,6606,0,18720,0,9,2628,735,226,1,-125,-339,344,1397,0,243,0
"2025-01-04",15,27857,28966,25424,722,6606,0,18720,0,9,2491,693,382,1,-220,-280,13,1397,0,233,0
"2025-01-04",16,28832,30372,26318,723,6606,0,18720,0,154,2463,684,389,1,-371,-415,2,1398,0,232,0
"2025-01-04",17,30317,31955,27681,756,6606,0,18720,0,63,2449,354,258,1,-450,-525,413,1397,0,215,0
"2025-01-04",18,31610,33198,28878,788,6606,37,18720,0,6,2282,346,257,1,-451,-531,431,1398,0,221,0
"2025-01-04",19,33487,35075,30576,789,6606,220,18720,0,6,2048,962,532,0,-451,-531,649,1397,0,509,0
"2025-01-04",20,34269,35857,31246,789,6606,493,18720,0,6,2208,997,558,0,-451,-531,658,1397,0,533,0
"2025-01-04",21,35075,36663,31953,733,6606,800,18720,0,6,2287,874,774,1,-451,-531,920,1397,0,666,0
"2025-01-04",22,35445,37033,32287,676,6606,1063,18720,0,6,2184,856,790,0,-451,-531,930,1397,0,680,0
"2025-01-04",23,35500,37088,32297,673,6606,1313,18720,0,6,2364,256,806,0,-451,-531,901,1398,0,880,0
"2025-01-04",24,35585,37173,32322,669,6606,1443,18720,0,6,2445,240,811,0,-451,-531,899,1397,0,906,0
"2025-01-04",25,36515,38103,33121,680,6606,1506,18720,0,6,2602,1048,960,0,-451,-531,923,1397,0,1366,0
"2025-01-04",26,36743,38331,33348,691,6606,1349,18720,0,6,2600,1102,967,0,-451,-531,923,1397,0,1390,0
"2025-01-04",27,36626,38217,33265,731,6606,1042,18720,0,9,2472,1269,889,0,-451,-531,955,1397,0,995,0
"2025-01-04",28,36575,38168,33218,771,6606,815,18720,0,11,2476,1281,885,1,-451,-531,956,1397,0,968,0
"2025-01-04",29,36866,38459,33446,840,6606,574,18720,0,11,2659,1492,928,0,-451,-531,931,1397,0,968,0
"2025-01-04",30,36882,38476,33463,908,6606,305,18720,0,12,2779,1501,932,1,-451,-531,929,1397,0,968,0
"2025-01-04",31,37036,38622,33615,971,6606,106,18720,0,4,2354,1502,987,1,-451,-531,965,1398,0,985,0
"2025-01-04",32,37250,38833,33769,1034,6606,4,18720,0,3,2128,1500,988,1,-451,-529,966,1397,0,986,0
"2025-01-04",33,37943,39484,34370,1140,6606,0,18720,0,4,2016,1434,873,0,-451,-486,984,1397,0,986,0
"2025-01-04",34,39070,40659,35408,1245,6606,0,18720,0,7,2035,1432,868,0,-451,-531,985,1397,0,986,0
"2025-01-04",35,40032,41618,36321,1291,6606,0,18720,0,4,1981,1497,983,0,-451,-531,999,1397,0,986,0
"2025-01-04",36,40185,41770,36469,1337,6606,0,18720,0,3,1798,1501,991,0,-451,-531,999,1397,0,986,0
"2025-01-04",37,39901,41456,36243,1454,6606,0,18720,0,5,1622,1500,992,1,-451,-499,992,1397,0,986,0
"2025-01-04",38,39454,40918,35786,1570,6606,0,18720,0,5,1226,1497,990,0,-450,-409,991,1397,0,984,0
"2025-01-04",39,38285,39541,34699,1633,6606,0,18720,0,10,1212,1404,921,0,-387,-259,975,1397,0,900,0
"2025-01-04",40,37352,38510,33819,1696,6606,0,18720,0,10,1159,1401,915,1,-442,-106,975,1397,0,894,0
"2025-01-04",41,35920,36906,32486,1728,6606,0,18720,0,6,1165,1494,833,0,-377,-3,943,1397,0,888,0
"2025-01-04",42,34918,35774,31606,1760,6606,0,18720,0,8,1336,1496,829,0,-248,0,943,1397,0,888,0
"2025-01-04",43,33551,34402,30380,1776,6606,0,18720,0,8,1170,1326,872,1,-243,0,988,1397,0,924,0
"2025-01-04",44,32268,33215,29214,1792,6606,0,18720,0,8,1073,1320,878,0,-339,0,990,1397,0,930,0
"2025-01-04",45,30801,31753,27864,1789,6606,0,18720,0,8,1176,1490,984,0,-344,0,999,1397,0,918,0
"2025-01-04",46,29193,30178,26366,1785,6606,0,18720,0,8,1273,1500,991,1,-377,0,999,1397,0,918,0
"2025-01-04",47,27938,29048,25214,1864,6606,0,18720,0,9,1422,1500,991,0,-437,-64,999,1397,0,980,0
"2025-01-04",48,26908,28116,24253,1942,6606,0,18720,0,9,1388,1501,991,0,-442,-157,999,1397,0,987,0
"2025-01-05",1,26809,27778,24135,2004,6606,0,18720,0,9,1366,1501,991,0,-325,-35,999,1397,0,1012,0
"2025-01-05",2,27119,27904,24555,2066,6606,0,18720,0,9,1672,1500,992,0,-176,0,999,1397,0,1014,0
"2025-01-05",3,26608,27267,24133,2086,6606,0,18720,0,10,1881,1500,992,1,-49,0,999,1397,0,992,0
"2025-01-05",4,25955,26608,23508,2106,6606,0,18720,0,9,1775,1500,992,0,-31,-13,999,1397,0,990,0
"2025-01-05",5,25272,26223,22897,2116,6606,0,18720,0,70,1198,1500,992,0,-173,-108,999,1397,0,990,0
"2025-01-05",6,24769,25921,22415,2125,6606,0,18720,0,242,534,1500,992,0,-290,-20,999,1397,0,989,0
"2025-01-05",7,24336,25621,21981,2135,6606,0,18720,0,385,72,1500,992,1,-300,0,999,1397,0,970,0
"2025-01-05",8,23891,25474,21510,2144,6606,0,18720,0,679,-203,1500,992,0,-300,-4,999,1397,0,968,0
"2025-01-05",9,23436,25323,21100,2172,6606,0,18720,0,913,-294,1500,992,0,-300,-74,999,1397,0,981,0
"2025-01-05",10,23115,24873,20806,2199,6606,0,18720,0,851,-376,1500,992,0,-300,-7,999,1397,0,975,0
"2025-01-05",11,22992,24594,20735,2308,6606,0,18720,0,675,-205,1501,992,1,-300,-27,912,1397,0,689,0
"2025-01-05",12,23001,24744,20796,2417,6606,0,18720,0,843,-19,1501,992,0,-300,0,908,1397,0,676,0
"2025-01-05",13,23592,25372,21345,2444,6606,0,18720,0,837,2,1501,992,1,-300,-43,996,1397,0,965,0
"2025-01-05",14,24112,25512,21830,2471,6606,0,18720,0,572,-48,1501,992,0,-225,-3,999,1398,0,985,0
"2025-01-05",15,24744,25893,22356,2414,6606,0,18720,0,303,61,1501,992,0,-246,0,859,1397,0,985,0
"2025-01-05",16,25466,26435,23003,2357,6606,0,18720,0,220,237,1501,992,1,-149,0,836,1397,0,993,0
"2025-01-05",17,26633,27371,24057,2496,6606,0,18720,0,18,355,1502,992,0,-120,0,47,1397,0,1281,0
"2025-01-05",18,28517,29236,25715,2634,6606,0,18720,0,25,623,1502,992,1,-94,0,0,1397,0,1304,0
"2025-01-05",19,30076,31158,27250,2585,6606,14,18720,0,81,498,1503,992,0,-244,-8,-149,1397,0,1412,0
"2025-01-05",20,31443,32586,28461,2536,6606,76,18720,0,11,684,1503,992,1,-378,0,-154,1397,0,1421,0
"2025-01-05",21,32760,33788,29662,2463,6606,180,18720,0,9,731,1502,992,1,-344,0,-75,1397,0,1421,0
"2025-01-05",22,33815,34954,30656,2389,6606,314,18720,0,8,695,1502,991,1,-439,-53,-39,1397,0,1421,0
"2025-01-05",23,34819,36023,31682,2241,6606,416,18720,0,7,496,1500,992,1,-450,-147,949,1397,0,1421,0
"2025-01-05",24,35411,36684,32222,2093,6606,504,18720,0,8,431,1500,991,1,-450,-215,1019,1397,0,1421,0
"2025-01-05",25,36109,37438,32766,2094,6606,576,18720,0,5,277,1500,992,0,-450,-274,1019,1397,0,1421,0
"2025-01-05",26,36636,37927,33228,2094,6606,565,18720,0,10,519,1500,992,1,-450,-231,1019,1397,0,1421,0
"2025-01-05",27,36789,37981,33344,2140,6606,569,18720,0,10,683,1500,992,1,-450,-132,1019,1397,0,1421,0
"2025-01-05",28,36534,37685,33093,2185,6606,455,18720,0,9,783,1500,992,1,-450,-92,1019,1397,0,1421,0
"2025-01-05",29,36768,37901,33232,2279,6606,339,18720,0,6,908,1500,992,1,-450,-77,1000,1397,0,1421,0
"2025-01-05",30,36895,37992,33291,2372,6606,223,18720,0,6,929,1500,991,0,-450,-41,999,1397,0,1421,0
"2025-01-05",31,37149,38321,33503,2421,6606,81,18720,0,7,1058,1501,992,1,-450,-115,1000,1398,0,1419,0
"2025-01-05",32,37400,38501,33675,2469,6606,16,18720,0,6,1274,1500,991,1,-430,-65,999,1397,0,1417,0
"2025-01-05",33,38152,39187,34290,2513,6606,0,18720,0,5,1319,1500,992,1,-305,-125,999,1397,0,1420,0
"2025-01-05",34,38739,39886,34799,2557,6606,0,18720,0,5,1350,1500,991,0,-265,-277,999,1397,0,1421,0
"2025-01-05",35,39049,40405,34962,2687,6606,0,18720,0,0,1373,1500,992,1,-328,-428,999,1397,0,1422,0
"2025-01-05",36,39025,40432,34931,2816,6606,0,18720,0,0,1404,1500,992,1,-328,-479,1000,1397,0,1425,0
"2025-01-05",37,38107,39460,34099,2796,6606,0,18720,0,5,1253,1500,992,1,-218,-530,999,1397,0,1424,0
"2025-01-05",38,37394,38828,33447,2775,6606,0,18720,0,4,1193,1500,992,1,-299,-531,999,1397,0,1421,0
"2025-01-05",39,36394,37759,32561,2765,6606,0,18720,0,4,1380,1500,992,0,-230,-531,999,1397,0,1421,0
"2025-01-05",40,35209,36541,31432,2754,6606,0,18720,0,6,1522,1500,992,0,-199,-527,1000,1397,0,1421,0
"2025-01-05",41,34069,35437,30415,2831,6606,0,18720,0,13,1580,1500,992,0,-224,-531,999,1397,0,1424,0
"2025-01-05",42,32704,34179,29183,2908,6606,0,18720,0,128,1567,1500,992,0,-216,-531,999,1397,0,1423,0
"2025-01-05",43,31137,32308,27755,2935,6606,0,18720,0,11,1859,1500,992,0,-64,-496,999,1397,0,1420,0
"2025-01-05",44,29428,30730,26168,2962,6606,0,18720,0,171,2130,1500,992,0,13,-531,999,1397,0,1420,0
"2025-01-05",45,27863,29077,24812,2952,6606,0,18720,0,16,1947,1500,992,1,-67,-531,1000,1398,0,1420,0
"2025-01-05",46,26376,27746,23434,2942,6606,0,18720,0,80,1973,1500,992,0,-159,-531,999,1397,0,1398,0
"2025-01-05",47,24959,26953,22100,2880,6606,0,18720,0,634,2025,1500,992,0,-241,-519,999,1397,0,560,0
"2025-01-05",48,23817,26152,21055,2818,6606,0,18720,0,904,1994,1501,992,0,-300,-531,999,1398,0,493,0
"2025-01-06",1,23870,25850,21061,2816,6606,0,18720,0,549,2096,1500,992,0,-300,-531,999,1397,0,226,0
"2025-01-06",2,24059,25907,21235,2814,6606,0,18720,0,417,2284,1500,992,0,-300,-531,999,1398,0,203,0
"2025-01-06",3,23901,25351,21111,3073,6606,0,18720,0,19,2134,1500,992,0,-300,-531,999,1397,0,13,0
"2025-01-06",4,23907,25645,21081,3332,6606,0,18720,0,296,2226,1500,992,0,-300,-531,999,1390,0,-11,0
"2025-01-06",5,23437,26139,20651,3460,6606,0,18720,0,808,2298,1500,992,0,-300,-531,999,1291,0,-463,0
"2025-01-06",6,23483,26323,20622,3588,6606,0,18720,0,907,2467,1497,992,0,-300,-531,999,1248,0,-502,0
"2025-01-06",7,22784,25935,19983,3675,6606,0,18720,0,907,2383,1350,992,0,-300,-531,999,876,0,-813,0
"2025-01-06",8,22338,25496,19501,3761,6606,0,18720,0,893,2221,1327,991,0,-300,-531,999,808,0,-834,0
"2025-01-06",9,22393,25156,19532,3879,6606,0,18720,0,491,2261,784,947,0,-300,-531,999,533,0,-841,0
"2025-01-06",10,22304,25458,19343,3996,6606,0,18720,0,884,2409,753,944,1,-300,-531,999,529,0,-839,0
"2025-01-06",11,22811,25865,19894,4009,6606,0,18720,0,893,2334,936,939,0,-300,-531,999,902,0,-730,0
"2025-01-06",12,23508,26381,20590,4022,6606,0,18720,0,891,2237,961,940,0,-300,-510,999,977,0,-572,0
"2025-01-06",13,26044,28200,23034,3928,6606,0,18720,0,880,2140,1469,989,0,-300,-376,999,1351,0,1061,0
"2025-01-06",14,28605,30547,25896,3833,6606,0,18720,0,791,3076,1501,992,0,-312,-239,999,1397,0,1285,0
"2025-01-06",15,31450,33086,28543,3824,6606,0,18720,0,294,2912,1501,992,0,-425,-317,999,1397,0,1412,0
"2025-01-06",16,33506,35143,30347,3814,6606,0,18720,0,146,2976,1500,992,1,-450,-441,999,1397,0,1353,0
"2025-01-06",17,35114,36590,31851,3842,6606,0,18720,0,52,3043,1500,992,0,-450,-374,999,1397,0,127,0
"2025-01-06",18,36623,38121,33145,3870,6606,34,18720,0,14,3193,1500,992,0,-450,-434,999,1397,0,18,0
"2025-01-06",19,37649,39242,34177,3890,6606,237,18720,0,14,3347,1500,992,0,-450,-529,995,1397,0,631,0
"2025-01-06",20,38169,39764,34673,3910,6606,576,18720,0,14,3394,1500,992,0,-450,-531,995,1397,0,672,0
"2025-01-06",21,38435,40029,35075,3906,6606,1006,18720,0,13,3607,1501,992,0,-450,-531,1018,1397,0,672,0
"2025-01-06",22,38316,39910,35110,3901,6606,1272,18720,0,13,3449,1501,992,0,-450,-531,1019,1397,0,672,0
"2025-01-06",23,38263,39716,35107,3924,6606,1454,18720,0,8,3313,1501,991,0,-382,-463,1019,1397,0,672,0
"2025-01-06",24,38266,39584,35085,3947,6606,1666,18720,0,9,3415,1501,992,1,-233,-476,1019,1397,0,672,0
"2025-01-06",25,38608,39852,35331,3909,6606,1914,18720,0,9,3549,1500,991,0,-144,-491,1019,1397,0,672,0
"2025-01-06",26,38509,39721,35020,3871,6606,2065,18720,0,12,3363,1500,992,0,-105,-495,1019,1397,0,672,0
"2025-01-06",27,38642,39722,35145,3871,6606,2017,18720,0,11,3336,1501,992,0,-67,-402,1019,1397,0,672,0
"2025-01-06",28,38309,39412,34750,3871,6606,1862,18720,0,13,3155,1501,992,1,-154,-336,1019,1397,0,672,0
"2025-01-06",29,38220,39322,34750,3830,6606,1617,18720,0,13,3360,1501,991,0,-251,-238,1000,1397,0,672,0
"2025-01-06",30,38375,39506,34930,3789,6606,1202,18720,0,13,3310,1501,992,0,-293,-225,999,1397,0,672,0
"2025-01-06",31,39120,40335,35623,3676,6606,630,18720,0,5,3116,1501,992,1,-368,-242,999,1397,0,672,0
"2025-01-06",32,40088,41342,36567,3563,6606,118,18720,0,5,3103,1500,992,0,-390,-259,999,1397,0,672,0
"2025-01-06",33,41071,42445,37471,3497,6606,0,18720,0,7,2885,1500,992,1,-450,-317,999,1397,0,672,0
"2025-01-06",34,42136,43518,38438,3431,6606,0,18720,0,1,2864,1500,992,0,-409,-372,999,1397,0,673,0
"2025-01-06",35,42615,44173,38895,3378,6606,0,18720,0,0,2712,1500,992,0,-450,-508,995,1397,0,673,0
"2025-01-06",36,42549,44130,38850,3324,6606,0,18720,0,0,2759,1500,992,0,-450,-531,995,1397,0,673,0
"2025-01-06",37,42317,43900,38679,3279,6606,0,18720,0,2,2861,1501,992,0,-450,-531,974,1398,0,673,0
"2025-01-06",38,41515,43084,38021,3234,6606,0,18720,0,4,2810,1500,991,0,-450,-515,973,1397,0,673,0
"2025-01-06",39,40749,42185,37331,3274,6606,0,18720,0,9,2860,1501,992,0,-417,-410,879,1397,0,673,0
"2025-01-06",40,39662,41133,36363,3313,6606,0,18720,0,9,2858,1500,991,0,-364,-498,875,1397,0,673,0
"2025-01-06",41,38117,39568,34859,3345,6606,0,18720,0,8,2873,1500,992,0,-312,-531,689,1397,0,673,0
"2025-01-06",42,36429,37742,33265,3376,6606,0,18720,0,10,3055,1501,992,0,-204,-499,682,1397,0,673,0
"2025-01-06",43,34638,35693,31557,3312,6606,0,18720,0,11,3381,1501,992,0,-57,-387,734,1397,0,673,0
"2025-01-06",44,32690,33627,29757,3247,6606,0,18720,0,17,3505,1501,992,0,-84,-236,736,1397,0,673,0
"2025-01-06",45,30760,31567,28034,3156,6606,0,18720,0,11,3564,1501,992,0,-43,-153,847,1397,0,673,0
"2025-01-06",46,28904,29769,26384,3064,6606,0,18720,0,14,3502,1501,992,0,-33,-218,851,1397,0,673,0
"2025-01-06",47,27242,28413,24941,3097,6606,0,18720,0,147,3300,1501,992,0,-98,-326,995,1397,0,673,0
"2025-01-06",48,26186,27735,23965,3129,6606,0,18720,0,299,3351,1500,991,0,-215,-435,999,1397,0,673,0
"2025-01-07",1,26135,27607,23916,3147,6606,0,17194,0,298,3477,1501,991,1,-256,-318,999,1397,0,670,0
"2025-01-07",2,26668,28215,24387,3164,6606,0,17194,0,511,3748,1501,991,1,-256,-180,999,1397,0,672,0
"2025-01-07",3,26512,27955,24304,3106,6606,0,17194,0,330,3740,1501,991,0,-256,-257,999,1397,0,673,0
"2025-01-07",4,25902,27704,23747,3048,6606,0,17194,0,543,3760,1501,991,1,-256,-403,999,1397,0,673,0
"2025-01-07",5,25730,27309,23676,2981,6606,0,17194,0,325,3548,1501,991,0,-255,-399,999,1397,0,673,0
"2025-01-07",6,25312,27223,23284,2914,6606,0,17194,0,561,3722,1501,991,1,-251,-499,999,1397,0,673,0
"2025-01-07",7,25358,27091,23318,2876,6606,0,17194,0,353,3749,1501,991,0,-250,-530,999,1397,0,673,0
"2025-01-07",8,25331,27604,23333,2838,6606,0,17194,0,891,3964,1501,991,1,-252,-530,999,1397,0,673,0
"2025-01-07",9,25410,27694,23442,2773,6606,0,17194,0,898,3875,1500,991,0,-256,-530,999,1397,0,673,0
"2025-01-07",10,25418,27695,23342,2707,6606,0,17194,0,890,3826,1500,991,0,-256,-531,999,1397,0,673,0
"2025-01-07",11,26300,28572,24142,2712,6606,0,17194,0,886,3746,1501,991,0,-256,-530,999,1397,0,673,0
"2025-01-07",12,27025,29258,24812,2716,6606,0,17194,0,804,3847,1501,991,1,-314,-515,999,1398,0,673,0
"2025-01-07",13,29256,30998,26904,2660,6606,0,17194,0,380,3786,1501,991,0,-347,-415,999,1397,0,673,0
"2025-01-07",14,32162,33859,29622,2603,6606,0,17194,0,171,3811,1500,991,0,-433,-493,999,1397,0,673,0
"2025-01-07",15,35440,36934,32551,2558,6606,0,17194,0,10,3972,1500,991,0,-451,-433,999,1397,0,673,0
"2025-01-07",16,37597,39174,34548,2512,6606,0,17194,0,8,4092,1500,991,0,-450,-519,999,1397,0,673,0
"2025-01-07",17,38699,40292,35618,2576,6606,5,17194,0,12,3983,1500,992,0,-450,-531,999,1397,0,673,0
"2025-01-07",18,39099,40691,35946,2639,6606,282,17194,0,10,4083,1500,992,0,-451,-531,999,1397,0,673,0
"2025-01-07",19,40002,41590,36750,2585,6606,1188,17194,0,7,4150,1500,991,0,-450,-531,1018,1397,0,673,0
"2025-01-07",20,39865,41453,36503,2530,6606,1987,17194,0,6,4080,1501,991,0,-451,-531,1019,1397,0,673,0
"2025-01-07",21,39418,41011,36171,2519,6606,3052,17194,0,12,3892,1501,992,0,-450,-531,1020,1397,0,673,0
"2025-01-07",22,38695,40284,35511,2507,6606,4078,17194,0,8,3811,1500,991,0,-450,-531,1019,1397,0,673,0
"2025-01-07",23,38593,40179,35371,2600,6606,4553,17194,2,7,3825,1501,992,1,-450,-531,1019,1397,0,673,0
"2025-01-07",24,38375,39962,35108,2693,6606,4709,17194,2,8,3835,1501,992,0,-450,-531,1019,1397,0,673,0
"2025-01-07",25,38358,39947,35094,2786,6606,4933,17194,0,8,3781,1501,992,0,-450,-531,1019,1397,0,673,0
"2025-01-07",26,38280,39869,35016,2878,6606,4799,17194,0,8,3654,1501,992,0,-450,-531,1019,1398,0,673,0
"2025-01-07",27,38632,40221,35352,2876,6606,4194,17194,0,8,3607,1501,991,0,-450,-531,1019,1397,0,673,0
"2025-01-07",28,38494,40083,35304,2874,6606,3370,17194,0,8,3530,1501,991,0,-450,-531,1019,1397,0,673,0
"2025-01-07",29,38521,40114,35400,2802,6606,2607,17194,0,11,3536,1501,992,0,-451,-531,1000,1397,0,673,0
"2025-01-07",30,38823,40417,35692,2730,6606,1898,17194,0,12,3349,1501,992,0,-451,-531,999,1397,0,673,0
"2025-01-07",31,39877,41466,36736,2779,6606,905,17194,0,8,3245,1500,992,0,-450,-531,999,1397,0,673,0
"2025-01-07",32,40794,42383,37695,2828,6606,229,17194,0,8,3245,1500,992,0,-450,-531,999,1397,0,673,0
"2025-01-07",33,42027,43623,38773,2817,6606,1,17194,0,15,3222,1500,992,0,-450,-531,999,1397,0,673,0
"2025-01-07",34,43317,44914,39938,2805,6606,0,17194,0,16,3339,1500,992,1,-450,-531,999,1397,0,673,0
"2025-01-07",35,44559,46147,40976,2867,6606,0,17194,0,7,3359,1500,991,0,-450,-531,999,1397,0,673,0
"2025-01-07",36,44730,46322,41182,2929,6606,0,17194,0,11,3545,1500,992,1,-450,-531,1000,1398,0,673,0
"2025-01-07",37,44067,45659,40618,2940,6606,0,17194,0,11,3724,1500,992,0,-450,-531,999,1398,0,673,0
"2025-01-07",38,43685,45273,40302,2951,6606,0,17194,0,7,3541,1499,991,0,-450,-531,999,1397,0,673,0
"2025-01-07",39,42803,44396,39542,2863,6606,0,17194,0,12,3734,1500,992,0,-450,-531,914,1397,0,673,0
"2025-01-07",40,41656,43244,38470,2775,6606,0,17194,0,7,3726,1500,992,0,-450,-531,910,1397,0,673,0
"2025-01-07",41,40457,42050,37339,2854,6606,0,17194,0,12,3837,1499,992,0,-450,-531,996,1397,0,673,0
"2025-01-07",42,38699,40289,35734,2932,6606,0,17194,0,9,3850,1500,991,0,-450,-531,999,1397,0,673,0
"2025-01-07",43,36978,38570,34215,2878,6606,0,17194,0,11,3866,1500,991,0,-450,-531,999,1397,0,673,0
"2025-01-07",44,34894,36486,32274,2823,6606,0,17194,0,11,3950,1500,991,0,-450,-531,999,1397,0,673,0
"2025-01-07",45,32968,34560,30440,2793,6606,0,17194,0,11,4030,1500,991,0,-450,-531,1000,1398,0,673,0
"2025-01-07",46,31126,32718,28801,2762,6606,0,17194,0,11,3836,1500,989,0,-450,-531,999,1397,0,673,0
"2025-01-07",47,29570,31702,27408,2762,6606,0,17194,0,551,3687,1461,892,0,-450,-531,999,1397,0,673,0
"2025-01-07",48,28602,31081,26517,2762,6606,0,17194,0,898,3684,1458,882,0,-450,-531,1000,1398,0,673,0
"2025-01-08",1,28547,30985,26460,2692,6606,0,17194,0,895,3647,1396,817,0,-412,-531,999,1397,0,673,0
"2025-01-08",2,28849,31265,26773,2622,6606,0,17194,0,885,3731,1391,812,0,-400,-531,999,1397,0,673,0
"2025-01-08",3,28616,31043,26552,2549,6606,0,17194,0,896,3649,1398,846,0,-400,-531,999,1397,0,673,0
"2025-01-08",4,28231,30644,26165,2475,6606,0,17194,0,882,3684,1399,848,0,-400,-531,999,1397,0,673,0
"2025-01-08",5,27911,30325,25841,2400,6606,0,17194,0,883,3526,1293,765,0,-400,-531,999,1397,0,673,0
"2025-01-08",6,27302,29703,25252,2324,6606,0,17194,0,870,3466,1285,760,0,-400,-531,999,1397,0,673,0
"2025-01-08",7,27159,29565,25131,2233,6606,0,17194,0,875,3249,1485,936,0,-400,-531,999,1397,0,673,0
"2025-01-08",8,26842,29245,24802,2141,6606,0,17194,0,872,3205,1499,948,0,-400,-531,1000,1398,0,673,0
"2025-01-08",9,26574,28966,24568,2112,6606,0,17194,0,861,3000,1277,649,1,-400,-531,999,1397,0,673,0
"2025-01-08",10,26590,28977,24354,2082,6606,0,17194,0,856,2722,1261,622,1,-400,-531,999,1397,0,673,0
"2025-01-08",11,27150,29283,24853,1929,6606,0,17194,0,614,2635,1208,657,0,-400,-519,999,1397,0,673,0
"2025-01-08",12,28395,30052,25974,1775,6606,0,17194,0,99,2440,1175,656,0,-438,-520,999,1397,0,673,0
"2025-01-08",13,31202,32692,28564,1637,6606,0,17194,0,18,2391,57,382,0,-450,-422,541,1397,0,673,0
"2025-01-08",14,34039,35667,31195,1499,6606,0,17194,0,18,2173,-54,359,0,-450,-506,507,1397,0,673,0
"2025-01-08",15,37530,39109,34323,1435,6606,0,17194,0,10,2337,740,518,0,-450,-519,123,1397,0,673,0
"2025-01-08",16,39701,41289,36410,1370,6606,0,17194,0,8,2265,834,540,0,-450,-530,96,1397,0,673,0
"2025-01-08",17,41247,42836,37797,1308,6606,4,17194,0,8,1935,1450,952,0,-450,-531,502,1397,0,673,0
"2025-01-08",18,41910,43500,38140,1245,6606,132,17194,0,9,1571,1503,991,0,-450,-531,533,1397,0,673,0
"2025-01-08",19,42895,44490,38909,1164,6606,422,17194,0,13,1737,1502,991,0,-451,-531,803,1397,0,673,0
"2025-01-08",20,42870,44459,38921,1083,6606,760,17194,0,6,1612,1502,991,1,-452,-531,822,1397,0,673,0
"2025-01-08",21,42930,44518,38989,1040,6606,1025,17194,0,6,1439,1501,991,1,-451,-531,969,1397,0,673,0
"2025-01-08",22,42922,44511,38950,996,6606,1241,17194,0,6,1610,1501,991,0,-452,-531,979,1397,0,673,0
"2025-01-08",23,43008,44592,39089,951,6606,1319,17194,0,1,1497,1501,991,0,-452,-531,998,1397,0,673,0
"2025-01-08",24,43062,44648,39145,905,6606,1401,17194,0,3,1560,1501,991,1,-452,-531,999,1397,0,673,0
"2025-01-08",25,43279,44865,39402,836,6606,1393,17194,0,3,1986,1502,991,0,-452,-531,1018,1398,0,673,0
"2025-01-08",26,43194,44771,39258,767,6606,1295,17194,0,0,2032,1502,991,0,-451,-526,1019,1397,0,673,0
"2025-01-08",27,43129,44612,39208,756,6606,1166,17194,0,0,2114,1502,991,0,-452,-423,1019,1398,0,673,0
"2025-01-08",28,42623,44138,38856,744,6606,983,17194,0,0,2033,1502,991,1,-451,-389,1019,1397,0,673,0
"2025-01-08",29,42830,44332,39137,753,6606,585,17194,0,0,2265,1501,991,0,-397,-375,1001,1397,0,673,0
"2025-01-08",30,42579,43994,38948,762,6606,286,17194,0,0,2166,1501,991,0,-292,-393,999,1397,0,664,0
"2025-01-08",31,42193,43651,38496,788,6606,82,17194,0,4,2112,1501,991,0,-281,-443,999,1397,0,358,0
"2025-01-08",32,43216,44468,39464,813,6606,5,17194,0,0,2138,1501,991,1,-221,-301,999,1397,0,709,0
"2025-01-08",33,44449,45480,40516,815,6606,0,17194,0,0,2080,1501,991,1,-151,-150,999,1397,0,876,0
"2025-01-08",34,45405,46443,41384,816,6606,0,17194,0,0,2077,1501,991,1,-170,-138,999,1397,0,899,0
"2025-01-08",35,45769,46883,41614,850,6606,0,17194,0,0,1581,1500,991,1,-240,-144,999,1397,0,1349,0
"2025-01-08",36,45823,46937,41620,884,6606,0,17194,0,0,1762,1501,991,1,-240,-144,999,1397,0,1391,0
"2025-01-08",37,45472,46485,41389,879,6606,0,17194,0,0,2047,1501,991,1,-184,-99,999,1398,0,1392,0
"2025-01-08",38,44645,45623,40585,874,6606,0,17194,0,0,1771,1501,991,1,-150,-98,999,1397,0,1383,0
"2025-01-08",39,43732,44872,39791,900,6606,0,17194,0,0,1708,1501,991,0,-199,-211,999,1397,0,758,0
"2025-01-08",40,42368,43662,38542,926,6606,0,17194,0,0,1050,1501,991,1,-205,-359,999,1397,0,697,0
"2025-01-08",41,41561,43003,37764,888,6606,0,17194,0,0,778,1501,991,0,-345,-429,999,1397,0,697,0
"2025-01-08",42,40250,41743,36469,850,6606,0,17194,0,9,810,1501,992,1,-447,-437,1000,1398,0,697,0
"2025-01-08",43,38840,40383,35233,832,6606,0,17194,0,7,939,1501,991,1,-450,-486,999,1397,0,697,0
"2025-01-08",44,36940,38413,33472,814,6606,0,17194,0,17,716,1501,992,1,-444,-412,999,1397,0,697,0
"2025-01-08",45,35005,36521,31703,816,6606,0,17194,0,17,443,1501,992,1,-450,-449,999,1398,0,697,0
"2025-01-08",46,33394,34941,30180,818,6606,0,17194,0,50,927,1502,992,1,-450,-447,1000,1398,0,697,0
"2025-01-08",47,31366,33256,28298,811,6606,0,17194,0,456,1554,1501,991,0,-450,-384,999,1397,0,697,0
"2025-01-08",48,30013,32028,27075,804,6606,0,17194,0,657,1720,1501,991,0,-402,-356,999,1397,0,697,0
"2025-01-09",1,29776,32070,26928,849,6606,0,17194,0,774,1853,1501,991,0,-440,-480,999,1398,0,697,0
"2025-01-09",2,30361,32509,27520,894,6606,0,17194,0,773,2182,1501,992,0,-366,-409,999,1397,0,697,0
"2025-01-09",3,30155,32598,27337,933,6606,0,17194,0,940,2207,1501,992,1,-401,-502,999,1397,0,697,0
"2025-01-09",4,30112,32489,27261,972,6606,0,17194,0,845,2213,1501,991,1,-401,-531,999,1397,0,697,0
"2025-01-09",5,29707,32180,26920,1033,6606,0,17194,0,941,2140,1501,991,0,-401,-531,999,1398,0,697,0
"2025-01-09",6,29337,31806,26515,1094,6606,0,17194,0,937,2217,1501,991,1,-401,-531,999,1397,0,696,0
"2025-01-09",7,28783,31252,25988,1204,6606,0,17194,0,937,2256,1502,992,1,-401,-531,999,1398,0,697,0
"2025-01-09",8,28397,30854,25651,1313,6606,0,17194,0,925,2184,1501,991,0,-401,-531,999,1397,0,683,0
"2025-01-09",9,28043,30689,25359,1354,6606,0,17194,0,930,2247,1501,991,1,-401,-531,941,1397,0,-184,0
"2025-01-09",10,27982,30678,25284,1394,6606,0,17194,0,923,2193,1501,991,1,-401,-499,937,1380,0,-273,0
"2025-01-09",11,28445,31371,25751,1482,6606,0,17194,0,914,2246,1502,991,0,-396,-358,554,1111,0,-658,0
"2025-01-09",12,29317,32102,26515,1569,6606,0,17194,0,873,2382,1503,991,1,-400,-217,525,1048,0,-695,0
"2025-01-09",13,31799,34464,28893,1544,6606,0,17194,0,902,2406,1504,991,0,-366,-102,128,677,0,-695,0
"2025-01-09",14,34662,37374,31590,1518,6606,0,17194,0,809,2431,1504,992,0,-399,-216,99,610,0,-688,0
"2025-01-09",15,38035,39786,34688,1538,6606,0,17194,0,146,2727,1504,992,0,-439,-367,175,428,0,-199,0
"2025-01-09",16,40025,41743,36510,1557,6606,0,17194,0,12,2979,1503,992,0,-450,-505,181,424,0,-151,0
"2025-01-09",17,40990,42594,37416,1624,6606,10,17194,0,12,2917,1502,992,1,-451,-531,382,796,0,-10,0
"2025-01-09",18,41530,43124,37851,1691,6606,354,17194,0,12,3016,1501,991,0,-451,-531,397,867,0,0,0
"2025-01-09",19,41705,43302,37917,1597,6606,1530,17194,0,15,2810,1502,992,0,-451,-531,299,1123,0,0,0
"2025-01-09",20,41817,43411,38010,1503,6606,2853,17194,0,12,2701,1502,991,1,-451,-531,291,1138,0,8,0
"2025-01-09",21,41574,43170,37749,1517,6606,3820,17194,0,14,2819,1501,991,1,-451,-531,459,769,0,412,0
"2025-01-09",22,40640,42231,36868,1530,6606,4754,17194,0,9,2483,1502,991,1,-451,-531,471,690,0,446,0
"2025-01-09",23,39676,41268,35982,1599,6606,5542,17194,0,10,2501,1503,992,1,-451,-531,348,319,0,333,0
"2025-01-09",24,38826,40417,35112,1668,6606,5735,17194,0,9,2152,1503,991,1,-451,-531,339,258,0,313,0
"2025-01-09",25,38682,40568,34942,1742,6606,5696,17194,0,9,2159,1503,992,1,-451,-531,237,163,0,-295,0
"2025-01-09",26,38856,40798,35089,1816,6606,5779,17194,0,9,2006,1503,992,1,-451,-531,229,141,0,-351,0
"2025-01-09",27,39088,40911,35379,1852,6606,5375,17194,0,8,2167,1503,992,1,-451,-531,258,15,0,-233,0
"2025-01-09",28,39392,41208,35699,1887,6606,4620,17194,0,9,2311,1502,992,1,-451,-531,260,4,0,-225,0
"2025-01-09",29,39739,41823,36043,1986,6606,3651,17194,0,10,2366,1503,992,0,-451,-531,159,131,0,-492,0
"2025-01-09",30,40486,42595,36756,2084,6606,2573,17194,0,9,2841,1503,992,0,-451,-531,153,172,0,-518,0
"2025-01-09",31,41590,43722,37863,2149,6606,1262,17194,0,9,2732,1501,992,1,-451,-531,697,543,0,-541,0
"2025-01-09",32,42818,44943,39044,2214,6606,266,17194,0,8,2794,1500,992,0,-451,-531,738,622,0,-535,0
"2025-01-09",33,44157,45755,40280,2218,6606,3,17194,0,14,2673,1454,992,0,-451,-531,411,993,0,-2,0
"2025-01-09",34,45436,47029,41428,2221,6606,0,17194,0,11,2804,1449,991,1,-451,-531,388,1067,0,57,0
"2025-01-09",35,45924,47517,41835,2217,6606,0,17194,0,11,2626,1170,949,1,-451,-531,670,1354,0,614,0
"2025-01-09",36,45881,47471,41811,2212,6606,0,17194,0,8,2204,1148,946,0,-451,-531,689,1397,0,668,0
"2025-01-09",37,45444,47034,41479,2079,6606,0,17194,0,8,2735,1118,971,1,-451,-531,157,1397,0,693,0
"2025-01-09",38,45367,46956,41295,1945,6606,0,17194,0,7,2901,1118,971,1,-451,-531,117,1397,0,693,0
"2025-01-09",39,44973,46560,40976,1859,6606,0,17194,0,5,2653,1411,842,0,-451,-531,571,1397,0,509,0
"2025-01-09",40,44208,45798,40108,1773,6606,0,17194,0,8,2461,1435,829,0,-451,-531,605,1397,0,492,0
"2025-01-09",41,42930,44520,39079,1683,6606,0,17194,0,9,2422,1210,757,0,-451,-530,530,1397,0,566,0
"2025-01-09",42,41162,42753,37457,1593,6606,0,17194,0,9,2399,1195,752,1,-451,-531,525,1397,0,574,0
"2025-01-09",43,39605,41196,36055,1532,6606,0,17194,0,9,2201,1463,918,1,-451,-531,646,1398,0,591,0
"2025-01-09",44,37202,38854,33885,1471,6606,0,17194,0,70,1911,1484,933,1,-451,-531,655,1397,0,594,0
"2025-01-09",45,35010,36766,31865,1389,6606,0,17194,0,255,1849,1404,965,0,-451,-450,560,1397,0,685,0
"2025-01-09",46,33391,35455,30427,1307,6606,0,17194,0,705,1962,1397,966,1,-451,-308,553,1398,0,697,0
"2025-01-09",47,31555,33798,28603,1276,6606,0,17194,0,903,1833,1445,792,1,-451,-289,967,1397,0,673,0
"2025-01-09",48,30485,32772,27565,1245,6606,0,17194,0,900,1757,1448,780,1,-451,-336,997,1397,0,671,0
"2025-01-10",1,30322,32721,27406,1251,6606,0,17194,0,894,1818,1497,973,0,-451,-454,999,1397,0,693,0
"2025-01-10",2,30807,33111,27994,1256,6606,0,17194,0,895,1780,1497,991,0,-437,-372,999,1397,0,696,0
"2025-01-10",3,30682,32932,27862,1236,6606,0,17194,0,899,1873,1159,966,0,-450,-301,898,1397,0,696,0
"2025-01-10",4,30044,32287,27269,1216,6606,0,17194,0,891,1690,1133,964,0,-450,-302,890,1398,0,696,0
"2025-01-10",5,29725,31965,26968,1173,6606,0,17194,0,888,1459,1472,989,1,-450,-302,992,1397,0,696,0
"2025-01-10",6,29407,31601,26595,1129,6606,0,17194,0,886,1164,1501,990,0,-429,-279,999,1397,0,696,0
"2025-01-10",7,28912,31014,26172,1091,6606,0,17194,0,875,1370,1402,954,1,-400,-227,941,1398,0,696,0
"2025-01-10",8,28363,30385,25717,1052,6606,0,17194,0,867,1187,1394,950,0,-379,-176,936,1397,0,696,0
"2025-01-10",9,28025,29981,25467,1010,6606,0,17194,0,862,1182,1397,914,0,-350,-144,902,1397,0,696,0
"2025-01-10",10,28072,30045,25449,967,6606,0,17194,0,869,1034,1386,900,1,-360,-144,897,1397,0,692,0
"2025-01-10",11,28444,30356,25753,936,6606,0,17194,0,857,1299,552,201,0,-311,-144,324,1397,0,405,0
"2025-01-10",12,29656,31364,26775,904,6606,0,17194,0,859,1346,474,136,0,-166,-83,280,1397,0,380,0
"2025-01-10",13,32351,33796,29258,877,6606,0,17194,0,818,1267,149,106,0,-27,23,207,1397,0,581,0
"2025-01-10",14,35239,36249,31927,850,6606,0,17194,0,410,1557,151,115,0,63,0,208,1397,0,601,0
"2025-01-10",15,38608,39370,35021,844,6606,0,17194,0,162,1689,1265,896,1,157,0,937,1397,0,687,0
"2025-01-10",16,40448,41067,36682,838,6606,0,17194,0,19,1421,1381,969,0,222,1,997,1397,0,695,0
"2025-01-10",17,41844,42457,37926,875,6606,9,17194,0,13,1308,1431,989,0,222,98,970,1397,0,695,0
"2025-01-10",18,42701,43311,38674,912,6606,279,17194,0,10,1546,1435,991,0,222,251,968,1397,0,697,0
"2025-01-10",19,43990,44600,39934,876,6606,967,17194,0,10,1744,1497,991,0,222,364,1016,1397,0,699,0
"2025-01-10",20,44442,45049,40344,840,6606,1657,17194,0,7,1884,1502,991,0,222,326,1019,1397,0,699,0
"2025-01-10",21,43967,44574,39878,809,6606,2310,17194,0,7,1498,1502,991,0,222,229,1020,1397,0,699,0
"2025-01-10",22,43667,44274,39629,777,6606,3120,17194,0,7,1154,1502,991,1,222,225,1019,1397,0,699,0
"2025-01-10",23,43045,43652,39100,706,6606,3770,17194,0,7,1301,1501,991,0,222,217,1019,1397,0,699,0
"2025-01-10",24,42480,43089,38572,635,6606,4155,17194,0,9,1118,1502,991,0,222,231,1019,1397,0,699,0
"2025-01-10",25,41903,42513,38020,614,6606,4355,17194,0,10,846,1502,991,1,228,250,1019,1398,0,699,0
"2025-01-10",26,41716,42326,37857,593,6606,4309,17194,0,10,877,1502,991,0,306,242,1019,1397,0,699,0
"2025-01-10",27,41651,42264,37771,604,6606,3893,17194,0,13,764,1501,991,0,349,331,1010,1397,0,699,0
"2025-01-10",28,41479,42091,37629,614,6606,3221,17194,0,12,363,1501,991,0,353,240,1009,1397,0,699,0
"2025-01-10",29,41670,42282,37865,653,6606,2536,17194,0,12,243,1503,991,0,323,277,952,1397,0,699,0
"2025-01-10",30,41746,42356,37995,691,6606,2038,17194,0,10,322,1503,990,0,367,354,948,1397,0,699,0
"2025-01-10",31,42102,42714,38216,752,6606,1154,17194,0,12,779,1460,920,0,305,407,768,1397,0,699,0
"2025-01-10",32,43066,43672,39113,812,6606,256,17194,0,6,884,1456,915,1,290,501,755,1397,0,699,0
"2025-01-10",33,43923,44527,39923,847,6606,5,17194,0,4,1280,1095,985,0,290,504,983,1397,0,699,0
"2025-01-10",34,44617,45223,40530,881,6606,0,17194,0,6,1359,1004,991,0,290,504,999,1397,0,699,0
"2025-01-10",35,44831,45434,40662,898,6606,0,17194,0,3,1284,1054,991,0,290,504,999,1397,0,699,0
"2025-01-10",36,45054,45659,40938,914,6606,0,17194,0,5,1345,1958,991,0,290,504,999,1397,0,699,0
"2025-01-10",37,45163,45767,41064,949,6606,0,17194,0,4,1475,2006,991,0,290,504,1000,1397,0,699,0
"2025-01-10",38,44521,45125,40478,984,6606,0,17194,0,4,1520,2006,991,1,290,489,1000,1397,0,699,0
"2025-01-10",39,43083,43687,39158,982,6606,0,17194,0,4,1135,2006,991,1,290,482,1000,1397,0,699,0
"2025-01-10",40,42036,42640,38208,979,6606,0,17194,0,4,1110,2006,991,0,233,357,1000,1397,0,699,0
"2025-01-10",41,41011,41618,37295,958,6606,0,17194,0,7,1237,2005,991,0,255,359,999,1397,0,699,0
"2025-01-10",42,40014,40621,36392,937,6606,0,17194,0,7,1095,2006,991,0,140,230,999,1397,0,699,0
"2025-01-10",43,38476,39088,34969,908,6606,0,17194,0,12,1119,2006,991,0,142,90,962,1397,0,699,0
"2025-01-10",44,37271,37894,33903,879,6606,0,17194,0,10,1087,2005,990,0,46,-13,959,1397,0,699,0
"2025-01-10",45,35625,36235,32339,837,6606,0,17194,0,10,1184,1915,918,0,130,55,942,1397,0,699,0
"2025-01-10",46,34009,34619,30877,795,6606,0,17194,0,10,1216,1908,912,0,38,14,941,1397,0,699,0
"2025-01-10",47,31943,32553,28950,757,6606,0,17194,0,10,1276,1902,976,0,63,55,986,1397,0,699,0
"2025-01-10",48,31031,31641,28075,718,6606,0,17194,0,10,1401,1901,983,0,213,13,990,1397,0,699,0
"2025-01-11",1,30875,31485,27995,715,6606,0,17194,0,10,1055,1999,991,0,249,13,999,1397,0,699,0
"2025-01-11",2,31136,31747,28339,712,6606,0,17194,0,11,1308,2006,991,0,306,113,1000,1397,0,699,0
"2025-01-11",3,30789,31400,28039,690,6606,0,17194,0,11,1290,2006,991,0,192,26,999,1397,0,699,0
"2025-01-11",4,30066,30893,27358,667,6606,0,17194,0,227,1375,2006,991,0,238,0,1000,1398,0,699,0
"2025-01-11",5,29410,30603,26779,654,6606,0,17194,0,593,1465,2006,991,0,258,0,1000,1397,0,699,0
"2025-01-11",6,28954,30192,26335,640,6606,0,17194,0,638,1302,2006,991,0,228,0,999,1398,0,699,0
"2025-01-11",7,28641,30133,25997,633,6606,0,17194,0,892,1206,2006,990,0,158,0,999,1397,0,699,0
"2025-01-11",8,28284,29772,25596,625,6606,0,17194,0,888,1106,2006,990,0,155,0,999,1397,0,699,0
"2025-01-11",9,28055,29538,25469,638,6606,0,17194,0,883,1291,2006,990,0,155,0,903,1397,0,699,0
"2025-01-11",10,27889,29372,25309,650,6606,0,17194,0,883,1309,2007,990,0,155,0,896,1398,0,699,0
"2025-01-11",11,27931,29415,25327,625,6606,0,17194,0,884,1248,1996,956,0,155,0,752,1397,0,699,0
"2025-01-11",12,28457,29934,25759,600,6606,0,17194,0,877,1267,1982,950,0,155,3,742,1397,0,699,0
"2025-01-11",13,29155,30627,26481,623,6606,0,17194,0,872,2017,1094,754,0,184,79,508,1397,0,699,0
"2025-01-11",14,30043,31340,27274,646,6606,0,17194,0,697,1926,1014,730,0,125,9,485,1397,0,699,0
"2025-01-11",15,31000,31857,28172,626,6606,0,17194,0,44,1847,1152,370,0,27,0,-213,1397,0,699,0
"2025-01-11",16,32405,33351,29485,605,6606,0,17194,0,14,1575,1164,338,1,-63,0,-269,1397,0,699,0
"2025-01-11",17,34559,35386,31453,591,6606,11,17194,0,13,1286,1288,423,0,-214,0,194,1398,0,699,0
"2025-01-11",18,35772,36780,32512,577,6606,334,17194,0,12,1223,1306,438,0,-365,-31,235,1397,0,699,0
"2025-01-11",19,37540,38703,34101,581,6606,1159,17194,0,10,1064,1950,944,0,-433,-120,960,1397,0,699,0
"2025-01-11",20,37821,39153,34340,585,6606,2173,17194,0,10,1142,2006,991,0,-450,-272,1019,1397,0,699,0
"2025-01-11",21,37953,39356,34346,573,6606,3194,17194,0,12,1122,2006,991,1,-450,-341,1020,1397,0,699,0
"2025-01-11",22,38008,39492,34289,561,6606,3971,17194,0,12,1065,2006,991,0,-450,-422,1020,1397,0,699,0
"2025-01-11",23,37573,39144,33850,524,6606,4484,17194,0,11,553,1998,991,0,-450,-510,1020,1397,0,699,0
"2025-01-11",24,37070,38661,33305,487,6606,4699,17194,0,10,110,1997,991,0,-450,-531,1019,1397,0,699,0
"2025-01-11",25,36953,38545,33184,479,6606,4643,17194,0,11,6,2006,991,0,-450,-531,1020,1398,0,699,0
"2025-01-11",26,36896,38488,33139,470,6606,4515,17194,0,11,-67,2006,991,0,-450,-531,1020,1397,0,699,0
"2025-01-11",27,37223,38814,33459,460,6606,4265,17194,0,10,69,2006,991,1,-450,-531,1020,1398,0,699,0
"2025-01-11",28,37284,38877,33521,450,6606,3688,17194,0,12,-30,2006,991,0,-450,-531,1020,1397,0,699,0
"2025-01-11",29,37557,39148,33898,477,6606,2759,17194,0,10,513,2006,991,0,-450,-531,763,1397,0,699,0
"2025-01-11",30,37933,39529,34223,503,6606,1822,17194,0,15,551,2006,991,0,-450,-531,745,1397,0,699,0
"2025-01-11",31,38729,40322,35060,558,6606,874,17194,0,12,583,2006,991,0,-450,-531,982,1397,0,699,0
"2025-01-11",32,39656,41244,35972,613,6606,171,17194,0,7,892,2006,991,0,-450,-531,999,1397,0,699,0
"2025-01-11",33,40387,41977,36713,633,6606,4,17194,0,9,1261,2006,991,1,-450,-531,1000,1397,0,699,0
"2025-01-11",34,41471,43062,37734,653,6606,0,17194,0,10,1487,2006,991,1,-450,-531,1000,1397,0,699,0
"2025-01-11",35,42654,44241,38842,651,6606,0,17194,0,6,1534,2005,991,0,-450,-531,1000,1397,0,699,0
"2025-01-11",36,42824,44409,39016,649,6606,0,17194,0,4,1503,2005,991,1,-450,-531,1000,1397,0,699,0
"2025-01-11",37,42552,44139,38819,625,6606,0,17194,0,6,1521,2006,991,0,-450,-531,1000,1398,0,699,0
"2025-01-11",38,42225,43809,38485,601,6606,0,17194,0,3,1546,2005,991,0,-450,-531,1000,1397,0,699,0
"2025-01-11",39,41334,42920,37676,595,6606,0,17194,0,5,1251,2005,991,0,-450,-531,999,1397,0,699,0
"2025-01-11",40,40532,42119,36924,588,6606,0,17194,0,6,1159,2006,991,0,-450,-531,1000,1398,0,699,0
"2025-01-11",41,39254,40843,35746,610,6606,0,17194,0,8,1219,2005,990,0,-450,-531,998,1397,0,699,0
"2025-01-11",42,38040,39630,34567,632,6606,0,17194,0,9,1019,2005,989,0,-450,-531,997,1398,0,699,0
"2025-01-11",43,36507,38096,33139,670,6606,0,17194,0,8,741,1889,951,0,-450,-531,982,1397,0,699,0
"2025-01-11",44,34863,36451,31678,707,6606,0,17194,0,7,776,1881,949,0,-450,-531,981,1398,0,699,0
"2025-01-11",45,33394,34982,30370,715,6606,0,17194,0,6,1423,1997,988,0,-451,-531,929,1397,0,699,0
"2025-01-11",46,32255,33842,29355,723,6606,0,17194,0,6,2091,2006,991,0,-450,-531,926,1397,0,699,0
"2025-01-11",47,30645,32233,27826,709,6606,0,17194,0,6,2303,2006,991,0,-451,-531,995,1397,0,699,0
"2025-01-11",48,29560,31149,26807,694,6606,0,17194,0,8,2104,2006,991,0,-450,-531,1000,1397,0,699,0
"2025-01-12",1,29601,31131,26848,692,6606,0,17194,0,8,2194,2006,991,0,-391,-531,989,1397,0,699,0
"2025-01-12",2,30122,31568,27417,689,6606,0,17194,0,8,2396,2006,991,0,-350,-488,988,1397,0,699,0
"2025-01-12",3,29597,30993,26962,656,6606,0,17194,0,8,2156,2006,991,0,-350,-438,987,1397,0,699,0
"2025-01-12",4,28936,30412,26317,622,6606,0,17194,0,8,1826,2006,991,1,-350,-518,987,1397,0,699,0
"2025-01-12",5,28379,29796,25793,614,6606,0,17194,0,10,1548,2006,991,0,-350,-457,987,1397,0,699,0
"2025-01-12",6,27950,29319,25382,606,6606,0,17194,0,98,1241,2006,991,0,-313,-358,988,1397,0,699,0
"2025-01-12",7,27657,29313,25051,584,6606,0,17194,0,295,1223,2006,991,0,-287,-474,988,1397,0,699,0
"2025-01-12",8,27432,28937,24840,562,6606,0,17194,0,294,1224,2006,991,0,-167,-444,988,1397,0,699,0
"2025-01-12",9,27083,28617,24543,548,6606,0,17194,0,293,1289,2006,991,0,-121,-520,987,1397,0,699,0
"2025-01-12",10,26744,28293,24137,533,6606,0,17194,0,296,1268,2007,991,0,-122,-531,988,1397,0,699,0
"2025-01-12",11,26692,28163,24081,589,6606,0,17194,0,294,1311,2006,991,0,-121,-456,988,1397,0,699,0
"2025-01-12",12,26548,27889,23995,645,6606,0,17194,0,293,1092,2006,990,0,-122,-326,988,1397,0,699,0
"2025-01-12",13,27120,28309,24543,750,6606,0,17194,0,293,1324,1974,918,0,-121,-175,983,1397,0,699,0
"2025-01-12",14,27896,28944,25321,855,6606,0,17194,0,294,1239,1966,910,0,-122,-32,982,1397,0,699,0
"2025-01-12",15,28583,29370,25921,908,6606,0,17194,0,65,1520,1390,785,0,-122,0,560,1397,0,699,0
"2025-01-12",16,29199,29923,26544,961,6606,0,17194,0,8,1938,1349,775,0,-116,0,528,1397,0,699,0
"2025-01-12",17,30822,31452,28067,1008,6606,9,17194,0,8,2317,1860,892,0,-22,0,837,1397,0,699,0
"2025-01-12",18,32325,32933,29451,1054,6606,190,17194,0,8,2460,1907,905,0,0,0,860,1397,0,699,0
"2025-01-12",19,33890,34556,30872,1085,6606,726,17194,0,8,2597,1998,983,0,-58,0,941,1397,0,699,0
"2025-01-12",20,34686,35415,31653,1116,6606,1417,17194,0,9,2827,2006,991,1,-120,0,947,1397,0,699,0
"2025-01-12",21,35142,35956,31923,1127,6606,1946,17194,0,9,2717,2006,991,0,-205,0,1004,1397,0,699,0
"2025-01-12",22,35565,36375,32306,1138,6606,2249,17194,0,9,2907,2006,991,0,-201,0,1008,1398,0,699,0
"2025-01-12",23,36073,36830,32760,1136,6606,2567,17194,0,9,3277,2006,991,0,-148,0,1008,1397,0,699,0
"2025-01-12",24,36437,37233,33110,1134,6606,2754,17194,0,9,3471,2006,991,0,-187,0,1008,1397,0,699,0
"2025-01-12",25,37033,37814,33704,1221,6606,2724,17194,0,9,3727,2006,991,0,-172,0,1008,1398,0,699,0
"2025-01-12",26,37444,38190,34065,1307,6606,2740,17194,0,9,4076,2006,991,0,-137,0,1008,1397,0,699,0
"2025-01-12",27,37518,38267,34271,1410,6606,2431,17194,0,14,4090,2005,991,0,-135,0,1007,1397,0,699,0
"2025-01-12",28,37731,38627,34595,1513,6606,1968,17194,0,12,3921,2006,991,0,-284,0,1008,1397,0,699,0
"2025-01-12",29,37965,38830,34801,1588,6606,1538,17194,0,11,3957,2006,991,0,-254,0,987,1397,0,699,0
"2025-01-12",30,38186,39006,35107,1663,6606,999,17194,0,14,4100,2005,992,0,-206,0,986,1397,0,693,0
"2025-01-12",31,38442,39149,35372,1803,6606,547,17194,0,14,4265,2006,992,0,-93,0,892,1397,0,287,0
"2025-01-12",32,39649,40332,36589,1942,6606,150,17194,0,10,4187,2005,992,0,-73,0,885,1397,0,252,0
"2025-01-12",33,40810,41473,37609,2059,6606,2,17194,0,10,4254,2005,992,0,-53,0,954,1397,0,513,0
"2025-01-12",34,41916,42526,38614,2176,6606,0,17194,0,10,4543,2005,992,0,8,0,959,1397,0,539,0
"2025-01-12",35,42716,43389,39357,2273,6606,0,17194,0,10,4690,2004,992,0,-63,0,960,1398,0,490,0
"2025-01-12",36,42670,43370,39399,2369,6606,0,17194,0,11,5124,1995,989,1,-89,0,955,1397,0,482,0
"2025-01-12",37,41802,42415,38701,2515,6606,0,17194,0,9,5230,1318,788,0,-1,-3,269,1397,0,301,0
"2025-01-12",38,41310,41976,38225,2660,6606,0,17194,0,10,5238,1250,763,0,0,-56,213,1397,0,274,0
"2025-01-12",39,39695,40998,36787,2814,6606,0,17194,0,11,5346,732,336,0,63,25,-296,1397,0,-396,0
"2025-01-12",40,38233,39642,35530,2968,6606,0,17194,0,14,5225,681,294,0,69,0,-334,1398,0,-461,0
"2025-01-12",41,36751,38512,34197,3086,6606,0,17194,0,14,5190,94,109,0,81,0,-492,1397,0,-655,0
"2025-01-12",42,35620,37459,33185,3203,6606,0,17194,0,13,5024,44,89,0,36,-50,-503,1397,0,-673,0
"2025-01-12",43,33905,36513,31701,3339,6606,0,17194,0,11,5436,-604,-178,0,169,-11,-628,1397,0,-576,0
"2025-01-12",44,32309,34999,30265,3474,6606,0,17194,0,8,5452,-675,-204,0,175,0,-637,1397,0,-566,0
"2025-01-12",45,30114,32462,28291,3556,6606,0,17194,0,12,5464,-526,-302,0,293,62,-381,1397,0,-527,0
"2025-01-12",46,28313,30620,26586,3638,6606,0,17194,0,17,5336,-512,-308,0,259,187,-359,1397,0,-511,0
"2025-01-12",47,26939,28482,25273,3734,6606,0,17194,0,254,5501,-357,-97,0,291,200,-235,1397,0,234,0
"2025-01-12",48,25597,27235,24052,3829,6606,0,17194,0,385,5332,-350,-77,0,395,175,-226,1397,0,304,0
"2025-01-13",1,25243,27365,23753,3785,6606,0,17194,0,626,5119,-726,-102,0,373,263,-68,1397,0,356,0
"2025-01-13",2,25976,28061,24516,3741,6606,0,17194,0,570,5119,-755,-103,0,399,408,-57,1397,0,363,0
"2025-01-13",3,26207,28194,24772,3821,6606,0,17194,0,892,5178,-253,-69,0,400,364,-173,1397,0,383,0
"2025-01-13",4,25811,27763,24444,3901,6606,0,17194,0,891,5073,-212,-65,0,399,364,-184,1397,0,381,0
"2025-01-13",5,25310,27967,23994,3951,6606,0,17194,0,889,5094,-376,17,0,399,360,-792,1397,0,97,0
"2025-01-13",6,25103,27831,23804,4001,6606,0,17194,0,887,5138,-401,20,0,399,383,-840,1397,0,68,0
"2025-01-13",7,24223,28133,22955,4022,6606,0,17194,0,889,5132,-1120,-231,1,399,329,-1011,1397,0,-59,0
"2025-01-13",8,24021,28048,22786,4042,6606,0,17194,0,876,4975,-1193,-263,0,399,350,-1023,1397,0,-72,0
"2025-01-13",9,23581,28565,22411,4054,6606,0,17194,0,876,4981,-1751,-730,0,399,471,-1024,1397,0,-3,0
"2025-01-13",10,23776,28848,22558,4065,6606,0,17194,0,869,4764,-1801,-777,0,399,482,-1024,1397,0,-1,0
"2025-01-13",11,24050,29694,22734,4088,6606,0,17194,0,867,4729,-2052,-987,0,399,414,-1024,1397,0,-114,0
"2025-01-13",12,24974,30534,23614,4111,6606,0,17194,0,726,4731,-2071,-1007,0,399,411,-1024,1397,0,-132,0
"2025-01-13",13,27609,32909,26062,4179,6606,0,17194,0,56,4559,-2071,-1026,0,399,312,-981,1397,0,-566,0
"2025-01-13",14,30898,36180,29122,4247,6606,0,17194,0,11,4674,-2068,-1018,0,395,168,-978,1397,0,-607,0
"2025-01-13",15,34353,38516,32293,4279,6606,0,17194,0,8,5057,-1533,-421,0,297,27,-911,1397,0,-690,0
"2025-01-13",16,36320,40336,34057,4311,6606,0,17194,0,10,5051,-1441,-366,0,260,23,-905,1397,0,-694,0
"2025-01-13",17,37773,41298,35371,4310,6606,26,17194,0,14,5246,-1286,-446,0,384,154,-735,1397,0,-444,0
"2025-01-13",18,38619,42081,36218,4308,6606,475,17194,0,15,5261,-1272,-442,0,373,125,-723,1397,0,-410,0
"2025-01-13",19,39736,41495,37206,4260,6606,1168,17194,0,12,5042,-621,224,0,237,7,-526,1397,0,249,0
"2025-01-13",20,39578,41206,37016,4211,6606,1724,17194,0,16,5105,-500,287,1,87,0,-512,1397,0,313,0
"2025-01-13",21,39257,40969,36684,4163,6606,2270,17194,0,13,4854,-462,319,0,-34,0,-603,1398,0,416,0
"2025-01-13",22,39118,40878,36510,4114,6606,2404,17194,0,13,5109,-438,323,0,-101,0,-608,1397,0,429,0
"2025-01-13",23,39534,40368,36838,4078,6606,2338,17194,0,10,5201,444,369,0,-124,-18,-82,1397,0,650,0
"2025-01-13",24,39363,40174,36687,4042,6606,2093,17194,0,12,5229,503,374,0,-157,0,-42,1397,0,671,0
"2025-01-13",25,39701,40614,36988,4016,6606,2019,17194,0,11,5217,486,394,0,-238,0,-64,1397,0,645,0
"2025-01-13",26,39956,40943,37320,3990,6606,2105,17194,0,14,5353,491,397,0,-307,0,-66,1397,0,643,0
"2025-01-13",27,39832,41050,37182,3930,6606,1778,17194,0,14,5244,961,451,0,-240,0,-364,1397,0,666,0
"2025-01-13",28,39574,40782,36940,3869,6606,1604,17194,0,14,5246,1001,454,0,-186,-23,-385,1397,0,664,0
"2025-01-13",29,39582,40814,37006,3815,6606,1179,17194,0,12,5273,1001,304,0,-86,0,-534,1397,0,399,0
"2025-01-13",30,39677,41041,37149,3760,6606,747,17194,0,11,5205,968,296,0,-200,-8,-545,1397,0,368,0
"2025-01-13",31,39714,41517,37141,3793,6606,376,17194,0,11,5243,-172,729,0,-230,-104,-686,1397,0,5,0
"2025-01-13",32,40396,42360,37853,3825,6606,109,17194,0,11,5345,-330,767,0,-261,-47,-696,1397,0,-19,0
"2025-01-13",33,41484,43484,38818,3854,6606,4,17194,0,12,4957,-639,623,0,-267,-143,-339,1397,0,612,0
"2025-01-13",34,42666,44744,39901,3882,6606,0,17194,0,8,4938,-659,598,0,-221,-277,-313,1397,0,671,0
"2025-01-13",35,43111,44867,40219,3849,6606,0,17194,0,10,4765,-142,-118,0,-310,-322,-254,1397,0,671,0
"2025-01-13",36,43021,44878,40190,3815,6606,0,17194,0,10,4907,-97,-185,0,-299,-416,-250,1397,0,671,0
"2025-01-13",37,42502,44623,39789,3746,6606,0,17194,0,12,4961,358,-131,0,-259,-390,-729,1397,0,671,0
"2025-01-13",38,41721,43904,39062,3676,6606,0,17194,0,9,4784,408,-128,0,-302,-379,-765,1397,0,671,0
"2025-01-13",39,40698,43150,38193,3576,6606,0,17194,0,7,4930,255,-279,0,-262,-395,-909,1397,0,671,0
"2025-01-13",40,39486,42029,37086,3475,6606,0,17194,0,13,4880,222,-295,0,-305,-410,-920,1397,0,671,0
"2025-01-13",41,38548,42016,36141,3438,6606,0,17194,0,6,4988,-749,-457,0,-323,-519,-814,1397,0,671,0
"2025-01-13",42,37123,40781,34779,3400,6606,0,17194,0,13,4836,-874,-478,0,-391,-495,-807,1397,0,671,0
"2025-01-13",43,35062,39435,32876,3331,6606,0,17194,0,12,4851,-970,-851,0,-450,-530,-960,1397,0,671,0
"2025-01-13",44,33147,37571,31146,3261,6606,0,17194,0,8,4898,-979,-883,0,-451,-531,-972,1397,0,671,0
"2025-01-13",45,31050,35048,29192,3196,6606,0,17194,0,7,4952,-964,-692,1,-396,-520,-819,1397,0,671,0
"2025-01-13",46,29093,32962,27387,3131,6606,0,17194,0,7,4907,-969,-679,0,-374,-432,-808,1397,0,671,0
"2025-01-13",47,27725,32331,25976,3096,6606,0,17194,0,7,4821,-1509,-997,0,-304,-316,-873,1397,0,671,0
"2025-01-13",48,26586,31059,24928,3061,6606,0,17194,0,8,4817,-1557,-1027,1,-243,-163,-875,1397,0,671,0
"2025-01-14",1,26691,30564,25088,3050,6606,0,17194,0,120,4813,-1560,-1028,0,-278,-25,-262,1398,0,671,0
"2025-01-14",2,27025,31083,25470,3039,6606,0,17194,0,369,4842,-1560,-1027,0,-278,-10,-214,1397,0,671,0
"2025-01-14",3,26793,31416,25314,3020,6606,0,17194,0,809,4834,-1562,-1027,0,-278,-133,-214,1397,0,671,0
"2025-01-14",4,26303,31099,24796,3000,6606,0,17194,0,833,4928,-1561,-1026,0,-278,-285,-213,1397,0,671,0
"2025-01-14",5,25869,30898,24355,2953,6606,0,17194,0,873,4915,-1559,-949,0,-278,-436,-334,1397,0,671,0
"2025-01-14",6,25436,30466,23962,2905,6606,0,17194,0,884,4805,-1559,-942,0,-278,-424,-343,1397,0,671,0
"2025-01-14",7,25030,30459,23555,2897,6606,0,17194,0,884,4729,-1559,-966,0,-278,-414,-728,1397,0,671,0
"2025-01-14",8,24559,29950,23206,2888,6606,0,17194,0,870,4601,-1559,-969,0,-278,-359,-756,1397,0,671,0
"2025-01-14",9,24257,29766,22942,2804,6606,0,17194,0,858,4585,-1558,-1022,0,-278,-290,-903,1397,0,671,0
"2025-01-14",10,24149,29565,22796,2719,6606,0,17194,0,807,4746,-1558,-1027,0,-278,-232,-914,1397,0,671,0
"2025-01-14",11,24783,29665,23419,2668,6606,0,17194,0,257,4763,-1559,-1027,1,-278,-145,-1016,1397,0,671,0
"2025-01-14",12,25899,30546,24353,2616,6606,0,17194,0,11,4527,-1559,-1027,0,-284,-142,-1024,1397,0,671,0
"2025-01-14",13,28628,33382,26841,2512,6606,0,17194,0,9,4545,-1559,-1026,1,-356,-180,-1024,1397,0,671,0
"2025-01-14",14,31850,36849,29761,2408,6606,0,17194,0,9,4226,-1560,-1026,1,-449,-331,-1024,1397,0,671,0
"2025-01-14",15,35221,39980,32771,2388,6606,0,17194,0,9,4109,-1560,-1026,0,-450,-475,-639,1397,0,671,0
"2025-01-14",16,37110,41882,34444,2367,6606,0,17194,0,7,4065,-1560,-1016,1,-450,-528,-611,1397,0,671,0
"2025-01-14",17,38196,42024,35461,2317,6606,9,17194,0,8,3817,-1558,-406,1,-451,-528,-277,1397,0,671,0
"2025-01-14",18,38457,42197,35694,2267,6606,238,17194,0,7,3580,-1554,-346,1,-452,-528,-253,1397,0,671,0
"2025-01-14",19,39202,41884,36309,2184,6606,845,17194,0,7,3576,-948,-130,0,-452,-528,-17,1397,0,671,0
"2025-01-14",20,39114,41713,36149,2100,6606,1523,17194,0,8,3329,-898,-113,0,-451,-529,0,1397,0,671,0
"2025-01-14",21,38997,41576,36062,1958,6606,1947,17194,0,8,3294,-666,-326,0,-451,-528,366,1397,0,671,0
"2025-01-14",22,38689,41266,35744,1815,6606,2629,17194,0,8,3266,-646,-343,0,-451,-529,392,1397,0,671,0
"2025-01-14",23,38436,40513,35487,1652,6606,2816,17194,0,8,3078,-344,-145,0,-452,-528,475,1397,0,671,0
"2025-01-14",24,37965,39989,34990,1489,6606,2937,17194,0,8,2634,-315,-122,1,-451,-528,482,1397,0,671,0
"2025-01-14",25,38097,39685,35054,1408,6606,3001,17194,0,8,2466,129,148,1,-452,-528,654,1397,0,671,0
"2025-01-14",26,37776,39363,34672,1326,6606,2949,17194,0,8,2544,188,174,0,-451,-528,666,1397,0,671,0
"2025-01-14",27,37606,39193,34527,1297,6606,2684,17194,0,8,2290,772,213,0,-451,-528,288,1397,0,671,0
"2025-01-14",28,37688,39275,34553,1267,6606,2110,17194,0,8,2503,840,216,0,-451,-528,260,1397,0,662,0
"2025-01-14",29,37737,39325,34599,1221,6606,1625,17194,0,8,2285,717,194,1,-451,-529,476,1397,0,59,0
"2025-01-14",30,38000,39592,34816,1174,6606,1135,17194,0,13,2190,701,192,1,-451,-528,491,1397,0,10,0
"2025-01-14",31,38073,39666,34910,1229,6606,485,17194,0,15,2360,349,190,0,-451,-527,34,1397,0,637,0
"2025-01-14",32,39316,40908,36028,1283,6606,127,17194,0,12,2719,320,191,1,-452,-528,0,1397,0,696,0
"2025-01-14",33,40824,42410,37376,1316,6606,5,17194,0,5,2740,617,277,0,-452,-529,115,1397,0,696,0
"2025-01-14",34,41885,43467,38324,1348,6606,0,17194,0,3,2722,640,288,0,-451,-528,123,1397,0,696,0
"2025-01-14",35,42274,43859,38688,1350,6606,0,17194,0,5,2548,518,484,0,-452,-528,57,1397,0,696,0
"2025-01-14",36,42759,44343,39033,1351,6606,0,17194,0,4,2711,508,501,0,-452,-528,52,1397,0,696,0
"2025-01-14",37,42134,43688,38633,1410,6606,0,17194,0,1,3139,449,384,1,-448,-505,72,1397,0,696,0
"2025-01-14",38,41407,42810,37983,1469,6606,0,17194,0,3,3067,437,375,1,-431,-369,73,1397,0,696,0
"2025-01-14",39,40023,41376,36735,1532,6606,0,17194,0,8,2870,-66,470,0,-451,-228,97,1397,0,696,0
"2025-01-14",40,39028,40399,35815,1594,6606,0,17194,0,10,3031,-132,472,0,-451,-178,99,1397,0,696,0
"2025-01-14",41,38053,39601,34767,1664,6606,0,17194,0,12,3327,-452,50,1,-418,-66,204,1397,0,696,0
"2025-01-14",42,36991,38437,33837,1733,6606,0,17194,0,10,3544,-485,1,1,-276,-75,211,1397,0,696,0
"2025-01-14",43,35051,37456,32036,1733,6606,0,17194,0,13,3798,-1003,-657,1,-132,9,14,1397,0,696,0
"2025-01-14",44,33240,35807,30427,1733,6606,0,17194,0,8,3799,-1048,-720,1,-191,0,0,1397,0,696,0
"2025-01-14",45,31402,34176,28732,1732,6606,0,17194,0,8,3807,-1048,-793,1,-234,-48,-43,1397,0,696,0
"2025-01-14",46,29661,32557,27233,1731,6606,0,17194,0,8,3730,-1048,-803,1,-373,-10,-54,1397,0,696,0
"2025-01-14",47,27498,31381,25308,1785,6606,0,17194,0,8,3585,-1047,-1007,1,-387,0,-834,1397,0,696,0
"2025-01-14",48,26578,30413,24396,1839,6606,0,17194,0,8,3774,-1047,-1026,0,-253,0,-901,1397,0,696,0
"2025-01-15",1,26520,30345,24423,1862,6606,0,17194,0,8,3904,-1047,-957,1,-203,0,-1010,1397,0,696,0
"2025-01-15",2,26971,30689,24848,1885,6606,0,17194,0,8,4163,-1047,-951,1,-84,-10,-1018,1397,0,696,0
"2025-01-15",3,26529,30559,24472,1850,6606,0,17194,0,57,4037,-1047,-1020,1,-178,-106,-1022,1397,0,696,0
"2025-01-15",4,25826,30144,23870,1815,6606,0,17194,0,319,3984,-1047,-1026,0,-281,-22,-1023,1397,0,696,0
"2025-01-15",5,25202,29973,23298,1780,6606,0,17194,0,834,4070,-1047,-984,1,-287,0,-1019,1397,0,696,0
"2025-01-15",6,24920,29730,22990,1745,6606,0,17194,0,877,3995,-1047,-980,1,-287,0,-1019,1397,0,696,0
"2025-01-15",7,24590,29432,22612,1775,6606,0,17194,0,881,3997,-1047,-1005,0,-287,0,-1022,1397,0,696,0
"2025-01-15",8,24125,28953,22053,1804,6606,0,17194,0,864,4218,-1047,-1007,1,-287,0,-1023,1397,0,696,0
"2025-01-15",9,23728,28581,21703,1781,6606,0,17194,0,856,4178,-1047,-1025,1,-312,-9,-1004,1397,0,657,0
"2025-01-15",10,23721,28634,21693,1757,6606,0,17194,0,848,4357,-1047,-1027,0,-285,-104,-1002,1389,0,617,0
"2025-01-15",11,24337,29028,22237,1751,6606,0,17194,0,358,4500,-1047,-1026,0,-146,-21,-1021,1255,0,-472,0
"2025-01-15",12,25397,29961,23338,1744,6606,0,17194,0,103,4328,-1047,-1020,0,-174,0,-1023,1212,0,-597,0
"2025-01-15",13,28132,32111,25866,1734,6606,0,17194,0,9,4423,-1046,-647,0,-57,0,-1023,843,0,-597,0
"2025-01-15",14,30773,34652,28292,1724,6606,0,17194,0,9,4496,-1046,-618,0,48,0,-1008,764,0,-598,0
"2025-01-15",15,33898,37313,31117,1708,6606,0,17194,0,9,4572,-1048,-992,1,195,56,-84,393,0,-682,0
"2025-01-15",16,35706,39077,32650,1691,6606,0,17194,0,9,4774,-1049,-1022,0,263,14,0,361,0,-691,0
"2025-01-15",17,36708,39765,33539,1616,6606,1,17194,0,8,4609,-1049,-695,1,285,0,-14,732,0,-691,0
"2025-01-15",18,37016,39960,33921,1541,6606,88,17194,0,11,4326,-963,-650,0,277,0,-29,802,0,-691,0
"2025-01-15",19,37814,40057,34863,1567,6606,367,17194,0,13,4062,581,260,0,135,0,-939,1029,0,-691,0
"2025-01-15",20,37903,40227,35041,1592,6606,812,17194,0,10,3972,832,342,1,85,0,-1023,1065,0,-691,0
"2025-01-15",21,37826,39803,34921,1600,6606,1444,17194,0,9,4176,410,206,0,220,0,-677,1082,0,-691,0
"2025-01-15",22,37540,39493,34608,1607,6606,1923,17194,0,10,4183,375,191,0,204,0,-652,1085,0,-691,0
"2025-01-15",23,37162,38934,34237,1567,6606,2434,17194,0,10,4230,409,63,0,328,63,-471,1093,0,-691,0
"2025-01-15",24,36656,38416,33727,1526,6606,2906,17194,0,10,4240,413,49,1,399,91,-459,1096,0,-691,0
"2025-01-15",25,36352,38680,33380,1536,6606,3302,17194,0,10,4236,303,-92,1,399,98,-935,1135,0,-691,0
"2025-01-15",26,36058,38432,33013,1546,6606,3478,17194,0,10,4306,206,-102,0,399,29,-971,1141,0,-691,0
"2025-01-15",27,35740,38015,32764,1502,6606,3444,17194,0,10,4303,251,94,1,360,0,-971,1144,0,-694,0
"2025-01-15",28,35569,37844,32543,1457,6606,3173,17194,0,9,4311,255,114,1,350,0,-971,1145,0,-695,0
"2025-01-15",29,35735,37998,32762,1480,6606,2716,17194,0,9,4308,269,257,1,204,0,-959,1145,0,-695,0
"2025-01-15",30,35970,38231,33003,1503,6606,2055,17194,0,9,4359,273,273,0,86,0,-957,1138,0,-695,0
"2025-01-15",31,36244,38448,33309,1631,6606,1206,17194,0,9,4292,586,462,0,-26,-27,-847,1030,0,-695,0
"2025-01-15",32,37452,39759,34435,1759,6606,382,17194,0,9,4280,611,477,1,-164,0,-839,1019,0,-695,0
"2025-01-15",33,38693,41274,35424,1822,6606,23,17194,0,11,4496,323,276,0,-265,0,-1010,1096,0,-695,0
"2025-01-15",34,40021,42695,36684,1884,6606,0,17194,0,4,4550,297,254,0,-352,0,-1023,1120,0,-695,0
"2025-01-15",35,40986,43570,37505,1892,6606,0,17194,0,0,4407,146,44,0,-411,0,-878,1319,0,-695,0
"2025-01-15",36,41196,43813,37692,1899,6606,0,17194,0,5,4427,130,26,0,-450,0,-868,1358,0,-694,0
"2025-01-15",37,40959,43235,37529,1884,6606,0,17194,0,4,4619,151,140,0,-397,0,-670,1393,0,-605,0
"2025-01-15",38,40167,42321,36868,1869,6606,0,17194,0,1,4390,151,146,1,-307,0,-655,1397,0,-591,0
"2025-01-15",39,38991,40504,35863,1828,6606,0,17194,0,0,4146,21,-155,0,-340,0,-232,1397,0,-186,0
"2025-01-15",40,38053,39414,34915,1786,6606,0,17194,0,4,4174,19,-177,0,-233,0,-206,1398,0,-141,0
"2025-01-15",41,37500,39198,34331,1724,6606,0,17194,0,4,4236,492,255,0,-199,0,-895,844,0,264,0
"2025-01-15",42,36282,37920,33091,1661,6606,0,17194,0,7,4435,486,286,0,-52,-31,-946,-2,0,301,0
"2025-01-15",43,34522,36630,31419,1606,6606,0,17194,0,8,4507,-835,-405,1,63,54,-260,55,0,77,0
"2025-01-15",44,33451,35777,30585,1551,6606,0,17194,0,12,4477,-1036,-474,0,209,13,-204,1071,0,60,0
"2025-01-15",45,31621,34229,28938,1531,6606,0,17194,0,8,4344,-1036,-782,0,264,0,-182,1397,0,444,0
"2025-01-15",46,29848,32483,27268,1510,6606,0,17194,0,11,4366,-1032,-811,0,239,0,-181,1392,0,479,0
"2025-01-15",47,27711,30479,25280,1559,6606,0,17194,0,11,4309,-577,-854,0,159,-59,-667,1309,0,401,0
"2025-01-15",48,26614,29508,24285,1607,6606,0,17194,0,11,4262,-531,-849,0,10,-199,-704,1296,0,394,0
