"DATE_GMT","TIME_GMT","SETTLEMENT_DATE","SETTLEMENT_PERIOD","EMBEDDED_WIND_FORECAST","EMBEDDED_WIND_CAPACITY","EMBEDDED_SOLAR_FORECAST","EMBEDDED_SOLAR_CAPACITY"
"2025-02-12T00:00:00","13:30","2025-02-12T00:00:00",27,1423,6606,2097,18720
"2025-02-12T00:00:00","14:00","2025-02-12T00:00:00",28,1402,6606,1972,18720
"2025-02-12T00:00:00","14:30","2025-02-12T00:00:00",29,1402,6606,1669,18720
"2025-02-12T00:00:00","15:00","2025-02-12T00:00:00",30,1295,6606,1266,18720
"2025-02-12T00:00:00","15:30","2025-02-12T00:00:00",31,1295,6606,859,18720
"2025-02-12T00:00:00","16:00","2025-02-12T00:00:00",32,1205,6606,493,18720
"2025-02-12T00:00:00","16:30","2025-02-12T00:00:00",33,1205,6606,199,18720
"2025-02-12T00:00:00","17:00","2025-02-12T00:00:00",34,1250,6606,20,18720
"2025-02-12T00:00:00","17:30","2025-02-12T00:00:00",35,1250,6606,0,18720
"2025-02-12T00:00:00","18:00","2025-02-12T00:00:00",36,1321,6606,0,18720
"2025-02-12T00:00:00","18:30","2025-02-12T00:00:00",37,1321,6606,0,18720
"2025-02-12T00:00:00","19:00","2025-02-12T00:00:00",38,1382,6606,0,18720
"2025-02-12T00:00:00","19:30","2025-02-12T00:00:00",39,1382,6606,0,18720
"2025-02-12T00:00:00","20:00","2025-02-12T00:00:00",40,1396,6606,0,18720
"2025-02-12T00:00:00","20:30","2025-02-12T00:00:00",41,1396,6606,0,18720
"2025-02-12T00:00:00","21:00","2025-02-12T00:00:00",42,1385,6606,0,18720
"2025-02-12T00:00:00","21:30","2025-02-12T00:00:00",43,1385,6606,0,18720
"2025-02-12T00:00:00","22:00","2025-02-12T00:00:00",44,1310,6606,0,18720
"2025-02-12T00:00:00","22:30","2025-02-12T00:00:00",45,1310,6606,0,18720
"2025-02-12T00:00:00","23:00","2025-02-12T00:00:00",46,1207,6606,0,18720
"2025-02-12T00:00:00","23:30","2025-02-12T00:00:00",47,1207,6606,0,18720
"2025-02-13T00:00:00","00:00","2025-02-12T00:00:00",48,1122,6606,0,18720
"2025-02-13T00:00:00","00:30","2025-02-13T00:00:00",1,1122,6606,0,18722
"2025-02-13T00:00:00","01:00","2025-02-13T00:00:00",2,1055,6606,0,18722
"2025-02-13T00:00:00","01:30","2025-02-13T00:00:00",3,1055,6606,0,18722
"2025-02-13T00:00:00","02:00","2025-02-13T00:00:00",4,1028,6606,0,18722
"2025-02-13T00:00:00","02:30","2025-02-13T00:00:00",5,1028,6606,0,18722
"2025-02-13T00:00:00","03:00","2025-02-13T00:00:00",6,1030,6606,0,18722
"2025-02-13T00:00:00","03:30","2025-02-13T00:00:00",7,1030,6606,0,18722
"2025-02-13T00:00:00","04:00","2025-02-13T00:00:00",8,1016,6606,0,18722
"2025-02-13T00:00:00","04:30","2025-02-13T00:00:00",9,1016,6606,0,18722
"2025-02-13T00:00:00","05:00","2025-02-13T00:00:00",10,1058,6606,0,18722
"2025-02-13T00:00:00","05:30","2025-02-13T00:00:00",11,1058,6606,0,18722
"2025-02-13T00:00:00","06:00","2025-02-13T00:00:00",12,1147,6606,0,18722
"2025-02-13T00:00:00","06:30","2025-02-13T00:00:00",13,1147,6606,0,18722
"2025-02-13T00:00:00","07:00","2025-02-13T00:00:00",14,1214,6606,0,18722
"2025-02-13T00:00:00","07:30","2025-02-13T00:00:00",15,1214,6606,0,18722
"2025-02-13T00:00:00","08:00","2025-02-13T00:00:00",16,1231,6606,165,18722
"2025-02-13T00:00:00","08:30","2025-02-13T00:00:00",17,1231,6606,598,18722
"2025-02-13T00:00:00","09:00","2025-02-13T00:00:00",18,1176,6606,1193,18722
"2025-02-13T00:00:00","09:30","2025-02-13T00:00:00",19,1176,6606,1807,18722
"2025-02-13T00:00:00","10:00","2025-02-13T00:00:00",20,1232,6606,2386,18722
"2025-02-13T00:00:00","10:30","2025-02-13T00:00:00",21,1232,6606,2899,18722
"2025-02-13T00:00:00","11:00","2025-02-13T00:00:00",22,1385,6606,3340,18722
"2025-02-13T00:00:00","11:30","2025-02-13T00:00:00",23,1385,6606,3694,18722
"2025-02-13T00:00:00","12:00","2025-02-13T00:00:00",24,1470,6606,3898,18722
"2025-02-13T00:00:00","12:30","2025-02-13T00:00:00",25,1470,6606,3905,18722
"2025-02-13T00:00:00","13:00","2025-02-13T00:00:00",26,1466,6606,3802,18722
"2025-02-13T00:00:00","13:30","2025-02-13T00:00:00",27,1466,6606,3663,18722
"2025-02-13T00:00:00","14:00","2025-02-13T00:00:00",28,1488,6606,3383,18722
"2025-02-13T00:00:00","14:30","2025-02-13T00:00:00",29,1488,6606,2870,18722
"2025-02-13T00:00:00","15:00","2025-02-13T00:00:00",30,1512,6606,2256,18722
"2025-02-13T00:00:00","15:30","2025-02-13T00:00:00",31,1512,6606,1685,18722
"2025-02-13T00:00:00","16:00","2025-02-13T00:00:00",32,1431,6606,1118,18722
"2025-02-13T00:00:00","16:30","2025-02-13T00:00:00",33,1431,6606,526,18722
"2025-02-13T00:00:00","17:00","2025-02-13T00:00:00",34,1471,6606,89,18722
"2025-02-13T00:00:00","17:30","2025-02-13T00:00:00",35,1471,6606,0,18722
"2025-02-13T00:00:00","18:00","2025-02-13T00:00:00",36,1606,6606,0,18722
"2025-02-13T00:00:00","18:30","2025-02-13T00:00:00",37,1606,6606,0,18722
"2025-02-13T00:00:00","19:00","2025-02-13T00:00:00",38,1683,6606,0,18722
"2025-02-13T00:00:00","19:30","2025-02-13T00:00:00",39,1683,6606,0,18722
"2025-02-13T00:00:00","20:00","2025-02-13T00:00:00",40,1757,6606,0,18722
"2025-02-13T00:00:00","20:30","2025-02-13T00:00:00",41,1757,6606,0,18722
"2025-02-13T00:00:00","21:00","2025-02-13T00:00:00",42,1827,6606,0,18722
"2025-02-13T00:00:00","21:30","2025-02-13T00:00:00",43,1827,6606,0,18722
"2025-02-13T00:00:00","22:00","2025-02-13T00:00:00",44,1880,6606,0,18722
"2025-02-13T00:00:00","22:30","2025-02-13T00:00:00",45,1880,6606,0,18722
"2025-02-13T00:00:00","23:00","2025-02-13T00:00:00",46,1887,6606,0,18722
"2025-02-13T00:00:00","23:30","2025-02-13T00:00:00",47,1887,6606,0,18722
"2025-02-14T00:00:00","00:00","2025-02-13T00:00:00",48,1915,6606,0,18722
"2025-02-14T00:00:00","00:30","2025-02-14T00:00:00",1,1915,6606,0,18723
"2025-02-14T00:00:00","01:00","2025-02-14T00:00:00",2,1935,6606,0,18723
"2025-02-14T00:00:00","01:30","2025-02-14T00:00:00",3,1935,6606,0,18723
"2025-02-14T00:00:00","02:00","2025-02-14T00:00:00",4,1960,6606,0,18723
"2025-02-14T00:00:00","02:30","2025-02-14T00:00:00",5,1960,6606,0,18723
"2025-02-14T00:00:00","03:00","2025-02-14T00:00:00",6,1995,6606,0,18723
"2025-02-14T00:00:00","03:30","2025-02-14T00:00:00",7,1995,6606,0,18723
"2025-02-14T00:00:00","04:00","2025-02-14T00:00:00",8,2037,6606,0,18723
"2025-02-14T00:00:00","04:30","2025-02-14T00:00:00",9,2037,6606,0,18723
"2025-02-14T00:00:00","05:00","2025-02-14T00:00:00",10,2104,6606,0,18723
"2025-02-14T00:00:00","05:30","2025-02-14T00:00:00",11,2104,6606,0,18723
"2025-02-14T00:00:00","06:00","2025-02-14T00:00:00",12,2176,6606,0,18723
"2025-02-14T00:00:00","06:30","2025-02-14T00:00:00",13,2176,6606,0,18723
"2025-02-14T00:00:00","07:00","2025-02-14T00:00:00",14,2240,6606,0,18723
"2025-02-14T00:00:00","07:30","2025-02-14T00:00:00",15,2240,6606,19,18723
"2025-02-14T00:00:00","08:00","2025-02-14T00:00:00",16,2285,6606,181,18723
"2025-02-14T00:00:00","08:30","2025-02-14T00:00:00",17,2285,6606,581,18723
"2025-02-14T00:00:00","09:00","2025-02-14T00:00:00",18,2254,6606,1119,18723
"2025-02-14T00:00:00","09:30","2025-02-14T00:00:00",19,2254,6606,1664,18723
"2025-02-14T00:00:00","10:00","2025-02-14T00:00:00",20,2304,6606,2163,18723
"2025-02-14T00:00:00","10:30","2025-02-14T00:00:00",21,2304,6606,2596,18723
"2025-02-14T00:00:00","11:00","2025-02-14T00:00:00",22,2443,6606,2994,18723
"2025-02-14T00:00:00","11:30","2025-02-14T00:00:00",23,2443,6606,3385,18723
"2025-02-14T00:00:00","12:00","2025-02-14T00:00:00",24,2397,6606,3717,18723
"2025-02-14T00:00:00","12:30","2025-02-14T00:00:00",25,2397,6606,3928,18723
"2025-02-14T00:00:00","13:00","2025-02-14T00:00:00",26,2248,6606,4002,18723
"2025-02-14T00:00:00","13:30","2025-02-14T00:00:00",27,2248,6606,3932,18723
"2025-02-14T00:00:00","14:00","2025-02-14T00:00:00",28,2050,6606,3722,18723
"2025-02-14T00:00:00","14:30","2025-02-14T00:00:00",29,2050,6606,3375,18723
"2025-02-14T00:00:00","15:00","2025-02-14T00:00:00",30,1840,6606,2879,18723
"2025-02-14T00:00:00","15:30","2025-02-14T00:00:00",31,1840,6606,2235,18723
"2025-02-14T00:00:00","16:00","2025-02-14T00:00:00",32,1618,6606,1490,18723
"2025-02-14T00:00:00","16:30","2025-02-14T00:00:00",33,1618,6606,735,18723
"2025-02-14T00:00:00","17:00","2025-02-14T00:00:00",34,1555,6606,181,18723
"2025-02-14T00:00:00","17:30","2025-02-14T00:00:00",35,1555,6606,0,18723
"2025-02-14T00:00:00","18:00","2025-02-14T00:00:00",36,1542,6606,0,18723
"2025-02-14T00:00:00","18:30","2025-02-14T00:00:00",37,1542,6606,0,18723
"2025-02-14T00:00:00","19:00","2025-02-14T00:00:00",38,1489,6606,0,18723
"2025-02-14T00:00:00","19:30","2025-02-14T00:00:00",39,1489,6606,0,18723
"2025-02-14T00:00:00","20:00","2025-02-14T00:00:00",40,1419,6606,0,18723
"2025-02-14T00:00:00","20:30","2025-02-14T00:00:00",41,1419,6606,0,18723
"2025-02-14T00:00:00","21:00","2025-02-14T00:00:00",42,1341,6606,0,18723
"2025-02-14T00:00:00","21:30","2025-02-14T00:00:00",43,1341,6606,0,18723
"2025-02-14T00:00:00","22:00","2025-02-14T00:00:00",44,1261,6606,0,18723
"2025-02-14T00:00:00","22:30","2025-02-14T00:00:00",45,1261,6606,0,18723
"2025-02-14T00:00:00","23:00","2025-02-14T00:00:00",46,1166,6606,0,18723
"2025-02-14T00:00:00","23:30","2025-02-14T00:00:00",47,1166,6606,0,18723
"2025-02-15T00:00:00","00:00","2025-02-14T00:00:00",48,1091,6606,0,18723
"2025-02-15T00:00:00","00:30","2025-02-15T00:00:00",1,1091,6606,0,18725
"2025-02-15T00:00:00","01:00","2025-02-15T00:00:00",2,1036,6606,0,18725
"2025-02-15T00:00:00","01:30","2025-02-15T00:00:00",3,1036,6606,0,18725
"2025-02-15T00:00:00","02:00","2025-02-15T00:00:00",4,989,6606,0,18725
"2025-02-15T00:00:00","02:30","2025-02-15T00:00:00",5,989,6606,0,18725
"2025-02-15T00:00:00","03:00","2025-02-15T00:00:00",6,955,6606,0,18725
"2025-02-15T00:00:00","03:30","2025-02-15T00:00:00",7,955,6606,0,18725
"2025-02-15T00:00:00","04:00","2025-02-15T00:00:00",8,933,6606,0,18725
"2025-02-15T00:00:00","04:30","2025-02-15T00:00:00",9,933,6606,0,18725
"2025-02-15T00:00:00","05:00","2025-02-15T00:00:00",10,934,6606,0,18725
"2025-02-15T00:00:00","05:30","2025-02-15T00:00:00",11,934,6606,0,18725
"2025-02-15T00:00:00","06:00","2025-02-15T00:00:00",12,964,6606,0,18725
"2025-02-15T00:00:00","06:30","2025-02-15T00:00:00",13,964,6606,0,18725
"2025-02-15T00:00:00","07:00","2025-02-15T00:00:00",14,1021,6606,0,18725
"2025-02-15T00:00:00","07:30","2025-02-15T00:00:00",15,1021,6606,20,18725
"2025-02-15T00:00:00","08:00","2025-02-15T00:00:00",16,1093,6606,111,18725
"2025-02-15T00:00:00","08:30","2025-02-15T00:00:00",17,1093,6606,324,18725
"2025-02-15T00:00:00","09:00","2025-02-15T00:00:00",18,1107,6606,640,18725
"2025-02-15T00:00:00","09:30","2025-02-15T00:00:00",19,1107,6606,1019,18725
"2025-02-15T00:00:00","10:00","2025-02-15T00:00:00",20,1135,6606,1430,18725
"2025-02-15T00:00:00","10:30","2025-02-15T00:00:00",21,1135,6606,1845,18725
"2025-02-15T00:00:00","11:00","2025-02-15T00:00:00",22,1180,6606,2223,18725
"2025-02-15T00:00:00","11:30","2025-02-15T00:00:00",23,1180,6606,2533,18725
"2025-02-15T00:00:00","12:00","2025-02-15T00:00:00",24,1225,6606,2793,18725
"2025-02-15T00:00:00","12:30","2025-02-15T00:00:00",25,1225,6606,3015,18725
"2025-02-15T00:00:00","13:00","2025-02-15T00:00:00",26,1260,6606,3180,18725
"2025-02-15T00:00:00","13:30","2025-02-15T00:00:00",27,1260,6606,3255,18725
"2025-02-15T00:00:00","14:00","2025-02-15T00:00:00",28,1332,6606,3166,18725
"2025-02-15T00:00:00","14:30","2025-02-15T00:00:00",29,1332,6606,2858,18725
"2025-02-15T00:00:00","15:00","2025-02-15T00:00:00",30,1431,6606,2394,18725
"2025-02-15T00:00:00","15:30","2025-02-15T00:00:00",31,1431,6606,1853,18725
"2025-02-15T00:00:00","16:00","2025-02-15T00:00:00",32,1572,6606,1253,18725
"2025-02-15T00:00:00","16:30","2025-02-15T00:00:00",33,1572,6606,634,18725
"2025-02-15T00:00:00","17:00","2025-02-15T00:00:00",34,1751,6606,170,18725
"2025-02-15T00:00:00","17:30","2025-02-15T00:00:00",35,1751,6606,0,18725
"2025-02-15T00:00:00","18:00","2025-02-15T00:00:00",36,1973,6606,0,18725
"2025-02-15T00:00:00","18:30","2025-02-15T00:00:00",37,1973,6606,0,18725
"2025-02-15T00:00:00","19:00","2025-02-15T00:00:00",38,2118,6606,0,18725
"2025-02-15T00:00:00","19:30","2025-02-15T00:00:00",39,2118,6606,0,18725
"2025-02-15T00:00:00","20:00","2025-02-15T00:00:00",40,2212,6606,0,18725
"2025-02-15T00:00:00","20:30","2025-02-15T00:00:00",41,2212,6606,0,18725
"2025-02-15T00:00:00","21:00","2025-02-15T00:00:00",42,2277,6606,0,18725
"2025-02-15T00:00:00","21:30","2025-02-15T00:00:00",43,2277,6606,0,18725
"2025-02-15T00:00:00","22:00","2025-02-15T00:00:00",44,2300,6606,0,18725
"2025-02-15T00:00:00","22:30","2025-02-15T00:00:00",45,2300,6606,0,18725
"2025-02-15T00:00:00","23:00","2025-02-15T00:00:00",46,2321,6606,0,18725
"2025-02-15T00:00:00","23:30","2025-02-15T00:00:00",47,2321,6606,0,18725
"2025-02-16T00:00:00","00:00","2025-02-15T00:00:00",48,2354,6606,0,18725
"2025-02-16T00:00:00","00:30","2025-02-16T00:00:00",1,2354,6606,0,18727
"2025-02-16T00:00:00","01:00","2025-02-16T00:00:00",2,2390,6606,0,18727
"2025-02-16T00:00:00","01:30","2025-02-16T00:00:00",3,2390,6606,0,18727
"2025-02-16T00:00:00","02:00","2025-02-16T00:00:00",4,2418,6606,0,18727
"2025-02-16T00:00:00","02:30","2025-02-16T00:00:00",5,2418,6606,0,18727
"2025-02-16T00:00:00","03:00","2025-02-16T00:00:00",6,2439,6606,0,18727
"2025-02-16T00:00:00","03:30","2025-02-16T00:00:00",7,2439,6606,0,18727
"2025-02-16T00:00:00","04:00","2025-02-16T00:00:00",8,2487,6606,0,18727
"2025-02-16T00:00:00","04:30","2025-02-16T00:00:00",9,2487,6606,0,18727
"2025-02-16T00:00:00","05:00","2025-02-16T00:00:00",10,2527,6606,0,18727
"2025-02-16T00:00:00","05:30","2025-02-16T00:00:00",11,2527,6606,0,18727
"2025-02-16T00:00:00","06:00","2025-02-16T00:00:00",12,2566,6606,0,18727
"2025-02-16T00:00:00","06:30","2025-02-16T00:00:00",13,2566,6606,0,18727
"2025-02-16T00:00:00","07:00","2025-02-16T00:00:00",14,2596,6606,0,18727
"2025-02-16T00:00:00","07:30","2025-02-16T00:00:00",15,2596,6606,27,18727
"2025-02-16T00:00:00","08:00","2025-02-16T00:00:00",16,2618,6606,199,18727
"2025-02-16T00:00:00","08:30","2025-02-16T00:00:00",17,2618,6606,612,18727
"2025-02-16T00:00:00","09:00","2025-02-16T00:00:00",18,2632,6606,1171,18727
"2025-02-16T00:00:00","09:30","2025-02-16T00:00:00",19,2632,6606,1754,18727
"2025-02-16T00:00:00","10:00","2025-02-16T00:00:00",20,2635,6606,2329,18727
"2025-02-16T00:00:00","10:30","2025-02-16T00:00:00",21,2635,6606,2878,18727
"2025-02-16T00:00:00","11:00","2025-02-16T00:00:00",22,2662,6606,3372,18727
"2025-02-16T00:00:00","11:30","2025-02-16T00:00:00",23,2662,6606,3782,18727
"2025-02-16T00:00:00","12:00","2025-02-16T00:00:00",24,2666,6606,4083,18727
"2025-02-16T00:00:00","12:30","2025-02-16T00:00:00",25,2666,6606,4255,18727
"2025-02-16T00:00:00","13:00","2025-02-16T00:00:00",26,2578,6606,4275,18727
"2025-02-16T00:00:00","13:30","2025-02-16T00:00:00",27,2578,6606,4132,18727
"2025-02-16T00:00:00","14:00","2025-02-16T00:00:00",28,2493,6606,3864,18727
"2025-02-16T00:00:00","14:30","2025-02-16T00:00:00",29,2493,6606,3499,18727
"2025-02-16T00:00:00","15:00","2025-02-16T00:00:00",30,2411,6606,2998,18727
"2025-02-16T00:00:00","15:30","2025-02-16T00:00:00",31,2411,6606,2327,18727
"2025-02-16T00:00:00","16:00","2025-02-16T00:00:00",32,2374,6606,1559,18727
"2025-02-16T00:00:00","16:30","2025-02-16T00:00:00",33,2374,6606,807,18727
"2025-02-16T00:00:00","17:00","2025-02-16T00:00:00",34,2375,6606,253,18727
"2025-02-16T00:00:00","17:30","2025-02-16T00:00:00",35,2375,6606,29,18727
"2025-02-16T00:00:00","18:00","2025-02-16T00:00:00",36,2382,6606,0,18727
"2025-02-16T00:00:00","18:30","2025-02-16T00:00:00",37,2382,6606,0,18727
"2025-02-16T00:00:00","19:00","2025-02-16T00:00:00",38,2370,6606,0,18727
"2025-02-16T00:00:00","19:30","2025-02-16T00:00:00",39,2370,6606,0,18727
"2025-02-16T00:00:00","20:00","2025-02-16T00:00:00",40,2361,6606,0,18727
"2025-02-16T00:00:00","20:30","2025-02-16T00:00:00",41,2361,6606,0,18727
"2025-02-16T00:00:00","21:00","2025-02-16T00:00:00",42,2355,6606,0,18727
"2025-02-16T00:00:00","21:30","2025-02-16T00:00:00",43,2355,6606,0,18727
"2025-02-16T00:00:00","22:00","2025-02-16T00:00:00",44,2270,6606,0,18727
"2025-02-16T00:00:00","22:30","2025-02-16T00:00:00",45,2270,6606,0,18727
"2025-02-16T00:00:00","23:00","2025-02-16T00:00:00",46,2187,6606,0,18727
"2025-02-16T00:00:00","23:30","2025-02-16T00:00:00",47,2187,6606,0,18727
"2025-02-17T00:00:00","00:00","2025-02-16T00:00:00",48,2109,6606,0,18727
"2025-02-17T00:00:00","00:30","2025-02-17T00:00:00",1,2109,6606,0,18728
"2025-02-17T00:00:00","01:00","2025-02-17T00:00:00",2,2023,6606,0,18728
"2025-02-17T00:00:00","01:30","2025-02-17T00:00:00",3,2023,6606,0,18728
"2025-02-17T00:00:00","02:00","2025-02-17T00:00:00",4,1941,6606,0,18728
"2025-02-17T00:00:00","02:30","2025-02-17T00:00:00",5,1941,6606,0,18728
"2025-02-17T00:00:00","03:00","2025-02-17T00:00:00",6,1867,6606,0,18728
"2025-02-17T00:00:00","03:30","2025-02-17T00:00:00",7,1867,6606,0,18728
"2025-02-17T00:00:00","04:00","2025-02-17T00:00:00",8,1865,6606,0,18728
"2025-02-17T00:00:00","04:30","2025-02-17T00:00:00",9,1865,6606,0,18728
"2025-02-17T00:00:00","05:00","2025-02-17T00:00:00",10,1873,6606,0,18728
"2025-02-17T00:00:00","05:30","2025-02-17T00:00:00",11,1873,6606,0,18728
"2025-02-17T00:00:00","06:00","2025-02-17T00:00:00",12,1890,6606,0,18728
"2025-02-17T00:00:00","06:30","2025-02-17T00:00:00",13,1890,6606,0,18728
"2025-02-17T00:00:00","07:00","2025-02-17T00:00:00",14,1902,6606,0,18728
"2025-02-17T00:00:00","07:30","2025-02-17T00:00:00",15,1902,6606,38,18728
"2025-02-17T00:00:00","08:00","2025-02-17T00:00:00",16,1926,6606,238,18728
"2025-02-17T00:00:00","08:30","2025-02-17T00:00:00",17,1926,6606,696,18728
"2025-02-17T00:00:00","09:00","2025-02-17T00:00:00",18,1957,6606,1277,18728
"2025-02-17T00:00:00","09:30","2025-02-17T00:00:00",19,1957,6606,1829,18728
"2025-02-17T00:00:00","10:00","2025-02-17T00:00:00",20,1950,6606,2358,18728
"2025-02-17T00:00:00","10:30","2025-02-17T00:00:00",21,1950,6606,2891,18728
"2025-02-17T00:00:00","11:00","2025-02-17T00:00:00",22,1956,6606,3392,18728
"2025-02-17T00:00:00","11:30","2025-02-17T00:00:00",23,1956,6606,3813,18728
"2025-02-17T00:00:00","12:00","2025-02-17T00:00:00",24,1972,6606,4115,18728
"2025-02-17T00:00:00","12:30","2025-02-17T00:00:00",25,1972,6606,4263,18728
"2025-02-17T00:00:00","13:00","2025-02-17T00:00:00",26,1942,6606,4235,18728
"2025-02-17T00:00:00","13:30","2025-02-17T00:00:00",27,1942,6606,4026,18728
"2025-02-17T00:00:00","14:00","2025-02-17T00:00:00",28,1919,6606,3676,18728
"2025-02-17T00:00:00","14:30","2025-02-17T00:00:00",29,1919,6606,3228,18728
"2025-02-17T00:00:00","15:00","2025-02-17T00:00:00",30,1904,6606,2674,18728
"2025-02-17T00:00:00","15:30","2025-02-17T00:00:00",31,1904,6606,2012,18728
"2025-02-17T00:00:00","16:00","2025-02-17T00:00:00",32,1996,6606,1310,18728
"2025-02-17T00:00:00","16:30","2025-02-17T00:00:00",33,1996,6606,662,18728
"2025-02-17T00:00:00","17:00","2025-02-17T00:00:00",34,2105,6606,200,18728
"2025-02-17T00:00:00","17:30","2025-02-17T00:00:00",35,2105,6606,18,18728
"2025-02-17T00:00:00","18:00","2025-02-17T00:00:00",36,2228,6606,0,18728
"2025-02-17T00:00:00","18:30","2025-02-17T00:00:00",37,2228,6606,0,18728
"2025-02-17T00:00:00","19:00","2025-02-17T00:00:00",38,2261,6606,0,18728
"2025-02-17T00:00:00","19:30","2025-02-17T00:00:00",39,2261,6606,0,18728
"2025-02-17T00:00:00","20:00","2025-02-17T00:00:00",40,2299,6606,0,18728
"2025-02-17T00:00:00","20:30","2025-02-17T00:00:00",41,2299,6606,0,18728
"2025-02-17T00:00:00","21:00","2025-02-17T00:00:00",42,2341,6606,0,18728
"2025-02-17T00:00:00","21:30","2025-02-17T00:00:00",43,2341,6606,0,18728
"2025-02-17T00:00:00","22:00","2025-02-17T00:00:00",44,2304,6606,0,18728
"2025-02-17T00:00:00","22:30","2025-02-17T00:00:00",45,2304,6606,0,18728
"2025-02-17T00:00:00","23:00","2025-02-17T00:00:00",46,2272,6606,0,18728
"2025-02-17T00:00:00","23:30","2025-02-17T00:00:00",47,2272,6606,0,18728
"2025-02-18T00:00:00","00:00","2025-02-17T00:00:00",48,2245,6606,0,18728
"2025-02-18T00:00:00","00:30","2025-02-18T00:00:00",1,2245,6606,0,18730
"2025-02-18T00:00:00","01:00","2025-02-18T00:00:00",2,2226,6606,0,18730
"2025-02-18T00:00:00","01:30","2025-02-18T00:00:00",3,2226,6606,0,18730
"2025-02-18T00:00:00","02:00","2025-02-18T00:00:00",4,2209,6606,0,18730
"2025-02-18T00:00:00","02:30","2025-02-18T00:00:00",5,2209,6606,0,18730
"2025-02-18T00:00:00","03:00","2025-02-18T00:00:00",6,2195,6606,0,18730
"2025-02-18T00:00:00","03:30","2025-02-18T00:00:00",7,2195,6606,0,18730
"2025-02-18T00:00:00","04:00","2025-02-18T00:00:00",8,2183,6606,0,18730
"2025-02-18T00:00:00","04:30","2025-02-18T00:00:00",9,2183,6606,0,18730
"2025-02-18T00:00:00","05:00","2025-02-18T00:00:00",10,2175,6606,0,18730
"2025-02-18T00:00:00","05:30","2025-02-18T00:00:00",11,2175,6606,0,18730
"2025-02-18T00:00:00","06:00","2025-02-18T00:00:00",12,2171,6606,0,18730
"2025-02-18T00:00:00","06:30","2025-02-18T00:00:00",13,2171,6606,0,18730
"2025-02-18T00:00:00","07:00","2025-02-18T00:00:00",14,2166,6606,0,18730
"2025-02-18T00:00:00","07:30","2025-02-18T00:00:00",15,2166,6606,53,18730
"2025-02-18T00:00:00","08:00","2025-02-18T00:00:00",16,2166,6606,248,18730
"2025-02-18T00:00:00","08:30","2025-02-18T00:00:00",17,2166,6606,665,18730
"2025-02-18T00:00:00","09:00","2025-02-18T00:00:00",18,2170,6606,1191,18730
"2025-02-18T00:00:00","09:30","2025-02-18T00:00:00",19,2170,6606,1691,18730
"2025-02-18T00:00:00","10:00","2025-02-18T00:00:00",20,2178,6606,2167,18730
"2025-02-18T00:00:00","10:30","2025-02-18T00:00:00",21,2178,6606,2639,18730
"2025-02-18T00:00:00","11:00","2025-02-18T00:00:00",22,2189,6606,3079,18730
"2025-02-18T00:00:00","11:30","2025-02-18T00:00:00",23,2189,6606,3445,18730
"2025-02-18T00:00:00","12:00","2025-02-18T00:00:00",24,2203,6606,3695,18730
"2025-02-18T00:00:00","12:30","2025-02-18T00:00:00",25,2203,6606,3797,18730
"2025-02-18T00:00:00","13:00","2025-02-18T00:00:00",26,2280,6606,3773,18730
"2025-02-18T00:00:00","13:30","2025-02-18T00:00:00",27,2280,6606,3647,18730
"2025-02-18T00:00:00","14:00","2025-02-18T00:00:00",28,2364,6606,3396,18730
"2025-02-18T00:00:00","14:30","2025-02-18T00:00:00",29,2364,6606,2997,18730
"2025-02-18T00:00:00","15:00","2025-02-18T00:00:00",30,2455,6606,2489,18730
"2025-02-18T00:00:00","15:30","2025-02-18T00:00:00",31,2455,6606,1918,18730
"2025-02-18T00:00:00","16:00","2025-02-18T00:00:00",32,2551,6606,1298,18730
"2025-02-18T00:00:00","16:30","2025-02-18T00:00:00",33,2551,6606,669,18730
"2025-02-18T00:00:00","17:00","2025-02-18T00:00:00",34,2651,6606,196,18730
"2025-02-18T00:00:00","17:30","2025-02-18T00:00:00",35,2651,6606,0,18730
"2025-02-18T00:00:00","18:00","2025-02-18T00:00:00",36,2752,6606,0,18730
"2025-02-18T00:00:00","18:30","2025-02-18T00:00:00",37,2752,6606,0,18730
"2025-02-18T00:00:00","19:00","2025-02-18T00:00:00",38,2759,6606,0,18730
"2025-02-18T00:00:00","19:30","2025-02-18T00:00:00",39,2759,6606,0,18730
"2025-02-18T00:00:00","20:00","2025-02-18T00:00:00",40,2767,6606,0,18730
"2025-02-18T00:00:00","20:30","2025-02-18T00:00:00",41,2767,6606,0,18730
"2025-02-18T00:00:00","21:00","2025-02-18T00:00:00",42,2775,6606,0,18730
"2025-02-18T00:00:00","21:30","2025-02-18T00:00:00",43,2775,6606,0,18730
"2025-02-18T00:00:00","22:00","2025-02-18T00:00:00",44,2784,6606,0,18730
"2025-02-18T00:00:00","22:30","2025-02-18T00:00:00",45,2784,6606,0,18730
"2025-02-18T00:00:00","23:00","2025-02-18T00:00:00",46,2794,6606,0,18730
"2025-02-18T00:00:00","23:30","2025-02-18T00:00:00",47,2794,6606,0,18730
"2025-02-19T00:00:00","00:00","2025-02-18T00:00:00",48,2804,6606,0,18730
"2025-02-19T00:00:00","00:30","2025-02-19T00:00:00",1,2804,6606,0,18732
"2025-02-19T00:00:00","01:00","2025-02-19T00:00:00",2,2811,6606,0,18732
"2025-02-19T00:00:00","01:30","2025-02-19T00:00:00",3,2811,6606,0,18732
"2025-02-19T00:00:00","02:00","2025-02-19T00:00:00",4,2818,6606,0,18732
"2025-02-19T00:00:00","02:30","2025-02-19T00:00:00",5,2818,6606,0,18732
"2025-02-19T00:00:00","03:00","2025-02-19T00:00:00",6,2825,6606,0,18732
"2025-02-19T00:00:00","03:30","2025-02-19T00:00:00",7,2825,6606,0,18732
"2025-02-19T00:00:00","04:00","2025-02-19T00:00:00",8,2832,6606,0,18732
"2025-02-19T00:00:00","04:30","2025-02-19T00:00:00",9,2832,6606,0,18732
"2025-02-19T00:00:00","05:00","2025-02-19T00:00:00",10,2840,6606,0,18732
"2025-02-19T00:00:00","05:30","2025-02-19T00:00:00",11,2840,6606,0,18732
"2025-02-19T00:00:00","06:00","2025-02-19T00:00:00",12,2849,6606,0,18732
"2025-02-19T00:00:00","06:30","2025-02-19T00:00:00",13,2849,6606,0,18732
"2025-02-19T00:00:00","07:00","2025-02-19T00:00:00",14,2828,6606,0,18732
"2025-02-19T00:00:00","07:30","2025-02-19T00:00:00",15,2828,6606,70,18732
"2025-02-19T00:00:00","08:00","2025-02-19T00:00:00",16,2807,6606,317,18732
"2025-02-19T00:00:00","08:30","2025-02-19T00:00:00",17,2807,6606,828,18732
"2025-02-19T00:00:00","09:00","2025-02-19T00:00:00",18,2786,6606,1477,18732
"2025-02-19T00:00:00","09:30","2025-02-19T00:00:00",19,2786,6606,2110,18732
"2025-02-19T00:00:00","10:00","2025-02-19T00:00:00",20,2765,6606,2690,18732
"2025-02-19T00:00:00","10:30","2025-02-19T00:00:00",21,2765,6606,3211,18732
"2025-02-19T00:00:00","11:00","2025-02-19T00:00:00",22,2744,6606,3678,18732
"2025-02-19T00:00:00","11:30","2025-02-19T00:00:00",23,2744,6606,4086,18732
"2025-02-19T00:00:00","12:00","2025-02-19T00:00:00",24,2723,6606,4385,18732
"2025-02-19T00:00:00","12:30","2025-02-19T00:00:00",25,2723,6606,4525,18732
"2025-02-19T00:00:00","13:00","2025-02-19T00:00:00",26,2760,6606,4502,18732
"2025-02-19T00:00:00","13:30","2025-02-19T00:00:00",27,2760,6606,4321,18732
"2025-02-19T00:00:00","14:00","2025-02-19T00:00:00",28,2799,6606,3983,18732
"2025-02-19T00:00:00","14:30","2025-02-19T00:00:00",29,2799,6606,3495,18732
"2025-02-19T00:00:00","15:00","2025-02-19T00:00:00",30,2839,6606,2886,18732
"2025-02-19T00:00:00","15:30","2025-02-19T00:00:00",31,2839,6606,2194,18732
"2025-02-19T00:00:00","16:00","2025-02-19T00:00:00",32,2881,6606,1471,18732
"2025-02-19T00:00:00","16:30","2025-02-19T00:00:00",33,2881,6606,788,18732
"2025-02-19T00:00:00","17:00","2025-02-19T00:00:00",34,2925,6606,282,18732
"2025-02-19T00:00:00","17:30","2025-02-19T00:00:00",35,2925,6606,53,18732
"2025-02-19T00:00:00","18:00","2025-02-19T00:00:00",36,2971,6606,0,18732
"2025-02-19T00:00:00","18:30","2025-02-19T00:00:00",37,2971,6606,0,18732
"2025-02-19T00:00:00","19:00","2025-02-19T00:00:00",38,2942,6606,0,18732
"2025-02-19T00:00:00","19:30","2025-02-19T00:00:00",39,2942,6606,0,18732
"2025-02-19T00:00:00","20:00","2025-02-19T00:00:00",40,2913,6606,0,18732
"2025-02-19T00:00:00","20:30","2025-02-19T00:00:00",41,2913,6606,0,18732
"2025-02-19T00:00:00","21:00","2025-02-19T00:00:00",42,2885,6606,0,18732
"2025-02-19T00:00:00","21:30","2025-02-19T00:00:00",43,2885,6606,0,18732
"2025-02-19T00:00:00","22:00","2025-02-19T00:00:00",44,2857,6606,0,18732
"2025-02-19T00:00:00","22:30","2025-02-19T00:00:00",45,2857,6606,0,18732
"2025-02-19T00:00:00","23:00","2025-02-19T00:00:00",46,2830,6606,0,18732
"2025-02-19T00:00:00","23:30","2025-02-19T00:00:00",47,2830,6606,0,18732
"2025-02-20T00:00:00","00:00","2025-02-19T00:00:00",48,2804,6606,0,18732
"2025-02-20T00:00:00","00:30","2025-02-20T00:00:00",1,2804,6606,0,18733
"2025-02-20T00:00:00","01:00","2025-02-20T00:00:00",2,2755,6606,0,18733
"2025-02-20T00:00:00","01:30","2025-02-20T00:00:00",3,2755,6606,0,18733
"2025-02-20T00:00:00","02:00","2025-02-20T00:00:00",4,2705,6606,0,18733
"2025-02-20T00:00:00","02:30","2025-02-20T00:00:00",5,2705,6606,0,18733
"2025-02-20T00:00:00","03:00","2025-02-20T00:00:00",6,2655,6606,0,18733
"2025-02-20T00:00:00","03:30","2025-02-20T00:00:00",7,2655,6606,0,18733
"2025-02-20T00:00:00","04:00","2025-02-20T00:00:00",8,2609,6606,0,18733
"2025-02-20T00:00:00","04:30","2025-02-20T00:00:00",9,2609,6606,0,18733
"2025-02-20T00:00:00","05:00","2025-02-20T00:00:00",10,2566,6606,0,18733
"2025-02-20T00:00:00","05:30","2025-02-20T00:00:00",11,2566,6606,0,18733
"2025-02-20T00:00:00","06:00","2025-02-20T00:00:00",12,2529,6606,0,18733
"2025-02-20T00:00:00","06:30","2025-02-20T00:00:00",13,2529,6606,0,18733
"2025-02-20T00:00:00","07:00","2025-02-20T00:00:00",14,2490,6606,0,18733
"2025-02-20T00:00:00","07:30","2025-02-20T00:00:00",15,2490,6606,80,18733
"2025-02-20T00:00:00","08:00","2025-02-20T00:00:00",16,2455,6606,330,18733
"2025-02-20T00:00:00","08:30","2025-02-20T00:00:00",17,2455,6606,821,18733
"2025-02-20T00:00:00","09:00","2025-02-20T00:00:00",18,2427,6606,1404,18733
"2025-02-20T00:00:00","09:30","2025-02-20T00:00:00",19,2427,6606,1916,18733
"2025-02-20T00:00:00","10:00","2025-02-20T00:00:00",20,2406,6606,2370,18733
"2025-02-20T00:00:00","10:30","2025-02-20T00:00:00",21,2406,6606,2804,18733
"2025-02-20T00:00:00","11:00","2025-02-20T00:00:00",22,2393,6606,3177,18733
"2025-02-20T00:00:00","11:30","2025-02-20T00:00:00",23,2393,6606,3445,18733
"2025-02-20T00:00:00","12:00","2025-02-20T00:00:00",24,2385,6606,3613,18733
"2025-02-20T00:00:00","12:30","2025-02-20T00:00:00",25,2385,6606,3695,18733
"2025-02-20T00:00:00","13:00","2025-02-20T00:00:00",26,2438,6606,3682,18733
"2025-02-20T00:00:00","13:30","2025-02-20T00:00:00",27,2438,6606,3559,18733
"2025-02-20T00:00:00","14:00","2025-02-20T00:00:00",28,2498,6606,3304,18733
"2025-02-20T00:00:00","14:30","2025-02-20T00:00:00",29,2498,6606,2905,18733
"2025-02-20T00:00:00","15:00","2025-02-20T00:00:00",30,2566,6606,2403,18733
"2025-02-20T00:00:00","15:30","2025-02-20T00:00:00",31,2566,6606,1845,18733
"2025-02-20T00:00:00","16:00","2025-02-20T00:00:00",32,2641,6606,1249,18733
"2025-02-20T00:00:00","16:30","2025-02-20T00:00:00",33,2641,6606,653,18733
"2025-02-20T00:00:00","17:00","2025-02-20T00:00:00",34,2719,6606,205,18733
"2025-02-20T00:00:00","17:30","2025-02-20T00:00:00",35,2719,6606,23,18733
"2025-02-20T00:00:00","18:00","2025-02-20T00:00:00",36,2799,6606,0,18733
"2025-02-20T00:00:00","18:30","2025-02-20T00:00:00",37,2799,6606,0,18733
"2025-02-20T00:00:00","19:00","2025-02-20T00:00:00",38,2855,6606,0,18733
"2025-02-20T00:00:00","19:30","2025-02-20T00:00:00",39,2855,6606,0,18733
"2025-02-20T00:00:00","20:00","2025-02-20T00:00:00",40,2914,6606,0,18733
"2025-02-20T00:00:00","20:30","2025-02-20T00:00:00",41,2914,6606,0,18733
"2025-02-20T00:00:00","21:00","2025-02-20T00:00:00",42,2973,6606,0,18733
"2025-02-20T00:00:00","21:30","2025-02-20T00:00:00",43,2973,6606,0,18733
"2025-02-20T00:00:00","22:00","2025-02-20T00:00:00",44,3031,6606,0,18733
"2025-02-20T00:00:00","22:30","2025-02-20T00:00:00",45,3031,6606,0,18733
"2025-02-20T00:00:00","23:00","2025-02-20T00:00:00",46,3087,6606,0,18733
"2025-02-20T00:00:00","23:30","2025-02-20T00:00:00",47,3087,6606,0,18733
"2025-02-21T00:00:00","00:00","2025-02-20T00:00:00",48,3140,6606,0,18733
"2025-02-21T00:00:00","00:30","2025-02-21T00:00:00",1,3140,6606,0,18735
"2025-02-21T00:00:00","01:00","2025-02-21T00:00:00",2,3204,6606,0,18735
"2025-02-21T00:00:00","01:30","2025-02-21T00:00:00",3,3204,6606,0,18735
"2025-02-21T00:00:00","02:00","2025-02-21T00:00:00",4,3266,6606,0,18735
"2025-02-21T00:00:00","02:30","2025-02-21T00:00:00",5,3266,6606,0,18735
"2025-02-21T00:00:00","03:00","2025-02-21T00:00:00",6,3325,6606,0,18735
"2025-02-21T00:00:00","03:30","2025-02-21T00:00:00",7,3325,6606,0,18735
"2025-02-21T00:00:00","04:00","2025-02-21T00:00:00",8,3379,6606,0,18735
"2025-02-21T00:00:00","04:30","2025-02-21T00:00:00",9,3379,6606,0,18735
"2025-02-21T00:00:00","05:00","2025-02-21T00:00:00",10,3428,6606,0,18735
"2025-02-21T00:00:00","05:30","2025-02-21T00:00:00",11,3428,6606,0,18735
"2025-02-21T00:00:00","06:00","2025-02-21T00:00:00",12,3471,6606,0,18735
"2025-02-21T00:00:00","06:30","2025-02-21T00:00:00",13,3471,6606,0,18735
"2025-02-21T00:00:00","07:00","2025-02-21T00:00:00",14,3541,6606,0,18735
"2025-02-21T00:00:00","07:30","2025-02-21T00:00:00",15,3541,6606,84,18735
"2025-02-21T00:00:00","08:00","2025-02-21T00:00:00",16,3603,6606,321,18735
"2025-02-21T00:00:00","08:30","2025-02-21T00:00:00",17,3603,6606,784,18735
"2025-02-21T00:00:00","09:00","2025-02-21T00:00:00",18,3658,6606,1342,18735
"2025-02-21T00:00:00","09:30","2025-02-21T00:00:00",19,3658,6606,1842,18735
"2025-02-21T00:00:00","10:00","2025-02-21T00:00:00",20,3704,6606,2272,18735
"2025-02-21T00:00:00","10:30","2025-02-21T00:00:00",21,3704,6606,2643,18735
"2025-02-21T00:00:00","11:00","2025-02-21T00:00:00",22,3743,6606,2945,18735
"2025-02-21T00:00:00","11:30","2025-02-21T00:00:00",23,3743,6606,3160,18735
"2025-02-21T00:00:00","12:00","2025-02-21T00:00:00",24,3774,6606,3289,18735
"2025-02-21T00:00:00","12:30","2025-02-21T00:00:00",25,3774,6606,3333,18735
"2025-02-21T00:00:00","13:00","2025-02-21T00:00:00",26,3802,6606,3296,18735
"2025-02-21T00:00:00","13:30","2025-02-21T00:00:00",27,3802,6606,3173,18735
"2025-02-21T00:00:00","14:00","2025-02-21T00:00:00",28,3823,6606,2938,18735
"2025-02-21T00:00:00","14:30","2025-02-21T00:00:00",29,3823,6606,2571,18735
"2025-02-21T00:00:00","15:00","2025-02-21T00:00:00",30,3834,6606,2128,18735
"2025-02-21T00:00:00","15:30","2025-02-21T00:00:00",31,3834,6606,1661,18735
"2025-02-21T00:00:00","16:00","2025-02-21T00:00:00",32,3836,6606,1153,18735
"2025-02-21T00:00:00","16:30","2025-02-21T00:00:00",33,3836,6606,610,18735
"2025-02-21T00:00:00","17:00","2025-02-21T00:00:00",34,3829,6606,186,18735
"2025-02-21T00:00:00","17:30","2025-02-21T00:00:00",35,3829,6606,17,18735
"2025-02-21T00:00:00","18:00","2025-02-21T00:00:00",36,3816,6606,0,18735
"2025-02-21T00:00:00","18:30","2025-02-21T00:00:00",37,3816,6606,0,18735
"2025-02-21T00:00:00","19:00","2025-02-21T00:00:00",38,3808,6606,0,18735
"2025-02-21T00:00:00","19:30","2025-02-21T00:00:00",39,3808,6606,0,18735
"2025-02-21T00:00:00","20:00","2025-02-21T00:00:00",40,3792,6606,0,18735
"2025-02-21T00:00:00","20:30","2025-02-21T00:00:00",41,3792,6606,0,18735
"2025-02-21T00:00:00","21:00","2025-02-21T00:00:00",42,3766,6606,0,18735
"2025-02-21T00:00:00","21:30","2025-02-21T00:00:00",43,3766,6606,0,18735
"2025-02-21T00:00:00","22:00","2025-02-21T00:00:00",44,3735,6606,0,18735
"2025-02-21T00:00:00","22:30","2025-02-21T00:00:00",45,3735,6606,0,18735
"2025-02-21T00:00:00","23:00","2025-02-21T00:00:00",46,3699,6606,0,18735
"2025-02-21T00:00:00","23:30","2025-02-21T00:00:00",47,3699,6606,0,18735
"2025-02-22T00:00:00","00:00","2025-02-21T00:00:00",48,3661,6606,0,18735
"2025-02-22T00:00:00","00:30","2025-02-22T00:00:00",1,3661,6606,0,18736
"2025-02-22T00:00:00","01:00","2025-02-22T00:00:00",2,3631,6606,0,18736
"2025-02-22T00:00:00","01:30","2025-02-22T00:00:00",3,3631,6606,0,18736
"2025-02-22T00:00:00","02:00","2025-02-22T00:00:00",4,3596,6606,0,18736
"2025-02-22T00:00:00","02:30","2025-02-22T00:00:00",5,3596,6606,0,18736
"2025-02-22T00:00:00","03:00","2025-02-22T00:00:00",6,3556,6606,0,18736
"2025-02-22T00:00:00","03:30","2025-02-22T00:00:00",7,3556,6606,0,18736
"2025-02-22T00:00:00","04:00","2025-02-22T00:00:00",8,3513,6606,0,18736
"2025-02-22T00:00:00","04:30","2025-02-22T00:00:00",9,3513,6606,0,18736
"2025-02-22T00:00:00","05:00","2025-02-22T00:00:00",10,3467,6606,0,18736
"2025-02-22T00:00:00","05:30","2025-02-22T00:00:00",11,3467,6606,0,18736
"2025-02-22T00:00:00","06:00","2025-02-22T00:00:00",12,3419,6606,0,18736
"2025-02-22T00:00:00","06:30","2025-02-22T00:00:00",13,3419,6606,0,18736
"2025-02-22T00:00:00","07:00","2025-02-22T00:00:00",14,3391,6606,0,18736
"2025-02-22T00:00:00","07:30","2025-02-22T00:00:00",15,3391,6606,143,18736
"2025-02-22T00:00:00","08:00","2025-02-22T00:00:00",16,3356,6606,456,18736
"2025-02-22T00:00:00","08:30","2025-02-22T00:00:00",17,3356,6606,977,18736
"2025-02-22T00:00:00","09:00","2025-02-22T00:00:00",18,3318,6606,1616,18736
"2025-02-22T00:00:00","09:30","2025-02-22T00:00:00",19,3318,6606,2263,18736
"2025-02-22T00:00:00","10:00","2025-02-22T00:00:00",20,3277,6606,2851,18736
"2025-02-22T00:00:00","10:30","2025-02-22T00:00:00",21,3277,6606,3331,18736
"2025-02-22T00:00:00","11:00","2025-02-22T00:00:00",22,3236,6606,3698,18736
"2025-02-22T00:00:00","11:30","2025-02-22T00:00:00",23,3236,6606,3964,18736
"2025-02-22T00:00:00","12:00","2025-02-22T00:00:00",24,3199,6606,4128,18736
"2025-02-22T00:00:00","12:30","2025-02-22T00:00:00",25,3199,6606,4186,18736
"2025-02-22T00:00:00","13:00","2025-02-22T00:00:00",26,3157,6606,4149,18736
"2025-02-22T00:00:00","13:30","2025-02-22T00:00:00",27,3157,6606,4012,18736
"2025-02-22T00:00:00","14:00","2025-02-22T00:00:00",28,3109,6606,3727,18736
"2025-02-22T00:00:00","14:30","2025-02-22T00:00:00",29,3109,6606,3262,18736
"2025-02-22T00:00:00","15:00","2025-02-22T00:00:00",30,3056,6606,2686,18736
"2025-02-22T00:00:00","15:30","2025-02-22T00:00:00",31,3056,6606,2073,18736
"2025-02-22T00:00:00","16:00","2025-02-22T00:00:00",32,3000,6606,1431,18736
"2025-02-22T00:00:00","16:30","2025-02-22T00:00:00",33,3000,6606,781,18736
"2025-02-22T00:00:00","17:00","2025-02-22T00:00:00",34,2945,6606,279,18736
"2025-02-22T00:00:00","17:30","2025-02-22T00:00:00",35,2945,6606,52,18736
"2025-02-22T00:00:00","18:00","2025-02-22T00:00:00",36,2892,6606,0,18736
"2025-02-22T00:00:00","18:30","2025-02-22T00:00:00",37,2892,6606,0,18736
"2025-02-22T00:00:00","19:00","2025-02-22T00:00:00",38,2883,6606,0,18736
"2025-02-22T00:00:00","19:30","2025-02-22T00:00:00",39,2883,6606,0,18736
"2025-02-22T00:00:00","20:00","2025-02-22T00:00:00",40,2876,6606,0,18736
"2025-02-22T00:00:00","20:30","2025-02-22T00:00:00",41,2876,6606,0,18736
"2025-02-22T00:00:00","21:00","2025-02-22T00:00:00",42,2867,6606,0,18736
"2025-02-22T00:00:00","21:30","2025-02-22T00:00:00",43,2867,6606,0,18736
"2025-02-22T00:00:00","22:00","2025-02-22T00:00:00",44,2857,6606,0,18736
"2025-02-22T00:00:00","22:30","2025-02-22T00:00:00",45,2857,6606,0,18736
"2025-02-22T00:00:00","23:00","2025-02-22T00:00:00",46,2847,6606,0,18736
"2025-02-22T00:00:00","23:30","2025-02-22T00:00:00",47,2847,6606,0,18736
"2025-02-23T00:00:00","00:00","2025-02-22T00:00:00",48,2836,6606,0,18736
"2025-02-23T00:00:00","00:30","2025-02-23T00:00:00",1,2836,6606,0,18738
"2025-02-23T00:00:00","01:00","2025-02-23T00:00:00",2,2845,6606,0,18738
"2025-02-23T00:00:00","01:30","2025-02-23T00:00:00",3,2845,6606,0,18738
"2025-02-23T00:00:00","02:00","2025-02-23T00:00:00",4,2854,6606,0,18738
"2025-02-23T00:00:00","02:30","2025-02-23T00:00:00",5,2854,6606,0,18738
"2025-02-23T00:00:00","03:00","2025-02-23T00:00:00",6,2863,6606,0,18738
"2025-02-23T00:00:00","03:30","2025-02-23T00:00:00",7,2863,6606,0,18738
"2025-02-23T00:00:00","04:00","2025-02-23T00:00:00",8,2869,6606,0,18738
"2025-02-23T00:00:00","04:30","2025-02-23T00:00:00",9,2869,6606,0,18738
"2025-02-23T00:00:00","05:00","2025-02-23T00:00:00",10,2872,6606,0,18738
"2025-02-23T00:00:00","05:30","2025-02-23T00:00:00",11,2872,6606,0,18738
"2025-02-23T00:00:00","06:00","2025-02-23T00:00:00",12,2873,6606,0,18738
"2025-02-23T00:00:00","06:30","2025-02-23T00:00:00",13,2873,6606,0,18738
"2025-02-23T00:00:00","07:00","2025-02-23T00:00:00",14,2932,6606,0,18738
"2025-02-23T00:00:00","07:30","2025-02-23T00:00:00",15,2932,6606,155,18738
"2025-02-23T00:00:00","08:00","2025-02-23T00:00:00",16,2989,6606,482,18738
"2025-02-23T00:00:00","08:30","2025-02-23T00:00:00",17,2989,6606,1008,18738
"2025-02-23T00:00:00","09:00","2025-02-23T00:00:00",18,3042,6606,1642,18738
"2025-02-23T00:00:00","09:30","2025-02-23T00:00:00",19,3042,6606,2274,18738
"2025-02-23T00:00:00","10:00","2025-02-23T00:00:00",20,3091,6606,2825,18738
"2025-02-23T00:00:00","10:30","2025-02-23T00:00:00",21,3091,6606,3243,18738
"2025-02-23T00:00:00","11:00","2025-02-23T00:00:00",22,3132,6606,3555,18738
"2025-02-23T00:00:00","11:30","2025-02-23T00:00:00",23,3132,6606,3802,18738
"2025-02-23T00:00:00","12:00","2025-02-23T00:00:00",24,3164,6606,3983,18738
"2025-02-23T00:00:00","12:30","2025-02-23T00:00:00",25,3164,6606,4081,18738
"2025-02-23T00:00:00","13:00","2025-02-23T00:00:00",26,3176,6606,4386,18738
"2025-02-23T00:00:00","13:30","2025-02-23T00:00:00",27,3176,6606,4380,18738
"2025-02-23T00:00:00","14:00","2025-02-23T00:00:00",28,3178,6606,4279,18738
"2025-02-23T00:00:00","14:30","2025-02-23T00:00:00",29,3178,6606,3975,18738
"2025-02-23T00:00:00","15:00","2025-02-23T00:00:00",30,3173,6606,3548,18738
"2025-02-23T00:00:00","15:30","2025-02-23T00:00:00",31,3173,6606,3025,18738
"2025-02-23T00:00:00","16:00","2025-02-23T00:00:00",32,3160,6606,2440,18738
"2025-02-23T00:00:00","16:30","2025-02-23T00:00:00",33,3160,6606,1805,18738
"2025-02-23T00:00:00","17:00","2025-02-23T00:00:00",34,3143,6606,1186,18738
"2025-02-23T00:00:00","17:30","2025-02-23T00:00:00",35,3143,6606,619,18738
"2025-02-23T00:00:00","18:00","2025-02-23T00:00:00",36,3122,6606,186,18738
"2025-02-23T00:00:00","18:30","2025-02-23T00:00:00",37,3122,6606,34,18738
"2025-02-23T00:00:00","19:00","2025-02-23T00:00:00",38,3147,6606,0,18738
"2025-02-23T00:00:00","19:30","2025-02-23T00:00:00",39,3147,6606,0,18738
"2025-02-23T00:00:00","20:00","2025-02-23T00:00:00",40,3170,6606,0,18738
"2025-02-23T00:00:00","20:30","2025-02-23T00:00:00",41,3170,6606,0,18738
"2025-02-23T00:00:00","21:00","2025-02-23T00:00:00",42,3191,6606,0,18738
"2025-02-23T00:00:00","21:30","2025-02-23T00:00:00",43,3191,6606,0,18738
"2025-02-23T00:00:00","22:00","2025-02-23T00:00:00",44,3206,6606,0,18738
"2025-02-23T00:00:00","22:30","2025-02-23T00:00:00",45,3206,6606,0,18738
"2025-02-23T00:00:00","23:00","2025-02-23T00:00:00",46,3214,6606,0,18738
"2025-02-23T00:00:00","23:30","2025-02-23T00:00:00",47,3214,6606,0,18738
"2025-02-24T00:00:00","00:00","2025-02-23T00:00:00",48,3215,6606,0,18738
"2025-02-24T00:00:00","00:30","2025-02-24T00:00:00",1,3215,6606,0,18740
"2025-02-24T00:00:00","01:00","2025-02-24T00:00:00",2,3239,6606,0,18740
"2025-02-24T00:00:00","01:30","2025-02-24T00:00:00",3,3239,6606,0,18740
"2025-02-24T00:00:00","02:00","2025-02-24T00:00:00",4,3259,6606,0,18740
"2025-02-24T00:00:00","02:30","2025-02-24T00:00:00",5,3259,6606,0,18740
"2025-02-24T00:00:00","03:00","2025-02-24T00:00:00",6,3272,6606,0,18740
"2025-02-24T00:00:00","03:30","2025-02-24T00:00:00",7,3272,6606,0,18740
"2025-02-24T00:00:00","04:00","2025-02-24T00:00:00",8,3279,6606,0,18740
"2025-02-24T00:00:00","04:30","2025-02-24T00:00:00",9,3279,6606,0,18740
"2025-02-24T00:00:00","05:00","2025-02-24T00:00:00",10,3276,6606,0,18740
"2025-02-24T00:00:00","05:30","2025-02-24T00:00:00",11,3276,6606,0,18740
"2025-02-24T00:00:00","06:00","2025-02-24T00:00:00",12,3265,6606,0,18740
"2025-02-24T00:00:00","06:30","2025-02-24T00:00:00",13,3265,6606,0,18740
"2025-02-24T00:00:00","07:00","2025-02-24T00:00:00",14,3304,6606,0,18740
"2025-02-24T00:00:00","07:30","2025-02-24T00:00:00",15,3304,6606,118,18740
"2025-02-24T00:00:00","08:00","2025-02-24T00:00:00",16,3341,6606,394,18740
"2025-02-24T00:00:00","08:30","2025-02-24T00:00:00",17,3341,6606,950,18740
"2025-02-24T00:00:00","09:00","2025-02-24T00:00:00",18,3372,6606,1648,18740
"2025-02-24T00:00:00","09:30","2025-02-24T00:00:00",19,3372,6606,2378,18740
"2025-02-24T00:00:00","10:00","2025-02-24T00:00:00",20,3399,6606,3132,18740
"2025-02-24T00:00:00","10:30","2025-02-24T00:00:00",21,3399,6606,3885,18740
"2025-02-24T00:00:00","11:00","2025-02-24T00:00:00",22,3418,6606,4583,18740
"2025-02-24T00:00:00","11:30","2025-02-24T00:00:00",23,3418,6606,5151,18740
"2025-02-24T00:00:00","12:00","2025-02-24T00:00:00",24,3430,6606,5600,18740
"2025-02-24T00:00:00","12:30","2025-02-24T00:00:00",25,3430,6606,5904,18740
"2025-02-24T00:00:00","13:00","2025-02-24T00:00:00",26,3435,6606,6061,18740
"2025-02-24T00:00:00","13:30","2025-02-24T00:00:00",27,3435,6606,6073,18740
"2025-02-24T00:00:00","14:00","2025-02-24T00:00:00",28,3430,6606,5927,18740
"2025-02-24T00:00:00","14:30","2025-02-24T00:00:00",29,3430,6606,5640,18740
"2025-02-24T00:00:00","15:00","2025-02-24T00:00:00",30,3416,6606,5179,18740
"2025-02-24T00:00:00","15:30","2025-02-24T00:00:00",31,3416,6606,4504,18740
"2025-02-24T00:00:00","16:00","2025-02-24T00:00:00",32,3395,6606,3700,18740
"2025-02-24T00:00:00","16:30","2025-02-24T00:00:00",33,3395,6606,2828,18740
"2025-02-24T00:00:00","17:00","2025-02-24T00:00:00",34,3367,6606,1951,18740
"2025-02-24T00:00:00","17:30","2025-02-24T00:00:00",35,3367,6606,1108,18740
"2025-02-24T00:00:00","18:00","2025-02-24T00:00:00",36,3336,6606,427,18740
"2025-02-24T00:00:00","18:30","2025-02-24T00:00:00",37,3336,6606,118,18740
"2025-02-24T00:00:00","19:00","2025-02-24T00:00:00",38,3344,6606,0,18740
"2025-02-24T00:00:00","19:30","2025-02-24T00:00:00",39,3344,6606,0,18740
"2025-02-24T00:00:00","20:00","2025-02-24T00:00:00",40,3349,6606,0,18740
"2025-02-24T00:00:00","20:30","2025-02-24T00:00:00",41,3349,6606,0,18740
"2025-02-24T00:00:00","21:00","2025-02-24T00:00:00",42,3350,6606,0,18740
"2025-02-24T00:00:00","21:30","2025-02-24T00:00:00",43,3350,6606,0,18740
"2025-02-24T00:00:00","22:00","2025-02-24T00:00:00",44,3347,6606,0,18740
"2025-02-24T00:00:00","22:30","2025-02-24T00:00:00",45,3347,6606,0,18740
"2025-02-24T00:00:00","23:00","2025-02-24T00:00:00",46,3343,6606,0,18740
"2025-02-24T00:00:00","23:30","2025-02-24T00:00:00",47,3343,6606,0,18740
"2025-02-25T00:00:00","00:00","2025-02-24T00:00:00",48,3339,6606,0,18740
"2025-02-25T00:00:00","00:30","2025-02-25T00:00:00",1,3339,6606,0,18741
"2025-02-25T00:00:00","01:00","2025-02-25T00:00:00",2,3316,6606,0,18741
"2025-02-25T00:00:00","01:30","2025-02-25T00:00:00",3,3316,6606,0,18741
"2025-02-25T00:00:00","02:00","2025-02-25T00:00:00",4,3287,6606,0,18741
"2025-02-25T00:00:00","02:30","2025-02-25T00:00:00",5,3287,6606,0,18741
"2025-02-25T00:00:00","03:00","2025-02-25T00:00:00",6,3251,6606,0,18741
"2025-02-25T00:00:00","03:30","2025-02-25T00:00:00",7,3251,6606,0,18741
"2025-02-25T00:00:00","04:00","2025-02-25T00:00:00",8,3209,6606,0,18741
"2025-02-25T00:00:00","04:30","2025-02-25T00:00:00",9,3209,6606,0,18741
"2025-02-25T00:00:00","05:00","2025-02-25T00:00:00",10,3162,6606,0,18741
"2025-02-25T00:00:00","05:30","2025-02-25T00:00:00",11,3162,6606,0,18741
"2025-02-25T00:00:00","06:00","2025-02-25T00:00:00",12,3113,6606,0,18741
"2025-02-25T00:00:00","06:30","2025-02-25T00:00:00",13,3113,6606,0,18741
"2025-02-25T00:00:00","07:00","2025-02-25T00:00:00",14,3089,6606,0,18741
"2025-02-25T00:00:00","07:30","2025-02-25T00:00:00",15,3089,6606,118,18741
"2025-02-25T00:00:00","08:00","2025-02-25T00:00:00",16,3062,6606,394,18741
"2025-02-25T00:00:00","08:30","2025-02-25T00:00:00",17,3062,6606,950,18741
"2025-02-25T00:00:00","09:00","2025-02-25T00:00:00",18,3034,6606,1648,18741
"2025-02-25T00:00:00","09:30","2025-02-25T00:00:00",19,3034,6606,2378,18741
"2025-02-25T00:00:00","10:00","2025-02-25T00:00:00",20,3006,6606,3132,18741
"2025-02-25T00:00:00","10:30","2025-02-25T00:00:00",21,3006,6606,3885,18741
"2025-02-25T00:00:00","11:00","2025-02-25T00:00:00",22,2978,6606,4583,18741
"2025-02-25T00:00:00","11:30","2025-02-25T00:00:00",23,2978,6606,5151,18741
"2025-02-25T00:00:00","12:00","2025-02-25T00:00:00",24,2951,6606,5600,18741
"2025-02-25T00:00:00","12:30","2025-02-25T00:00:00",25,2951,6606,5904,18741
"2025-02-25T00:00:00","13:00","2025-02-25T00:00:00",26,2882,6606,6061,18741
"2025-02-25T00:00:00","13:30","2025-02-25T00:00:00",27,2882,6606,6073,18741
"2025-02-25T00:00:00","14:00","2025-02-25T00:00:00",28,2810,6606,5927,18741
"2025-02-25T00:00:00","14:30","2025-02-25T00:00:00",29,2810,6606,5640,18741
"2025-02-25T00:00:00","15:00","2025-02-25T00:00:00",30,2736,6606,5179,18741
"2025-02-25T00:00:00","15:30","2025-02-25T00:00:00",31,2736,6606,4504,18741
"2025-02-25T00:00:00","16:00","2025-02-25T00:00:00",32,2662,6606,3700,18741
"2025-02-25T00:00:00","16:30","2025-02-25T00:00:00",33,2662,6606,2828,18741
"2025-02-25T00:00:00","17:00","2025-02-25T00:00:00",34,2589,6606,1951,18741
"2025-02-25T00:00:00","17:30","2025-02-25T00:00:00",35,2589,6606,1108,18741
"2025-02-25T00:00:00","18:00","2025-02-25T00:00:00",36,2519,6606,427,18741
"2025-02-25T00:00:00","18:30","2025-02-25T00:00:00",37,2519,6606,118,18741
"2025-02-25T00:00:00","19:00","2025-02-25T00:00:00",38,2493,6606,0,18741
"2025-02-25T00:00:00","19:30","2025-02-25T00:00:00",39,2493,6606,0,18741
"2025-02-25T00:00:00","20:00","2025-02-25T00:00:00",40,2469,6606,0,18741
"2025-02-25T00:00:00","20:30","2025-02-25T00:00:00",41,2469,6606,0,18741
"2025-02-25T00:00:00","21:00","2025-02-25T00:00:00",42,2445,6606,0,18741
"2025-02-25T00:00:00","21:30","2025-02-25T00:00:00",43,2445,6606,0,18741
"2025-02-25T00:00:00","22:00","2025-02-25T00:00:00",44,2424,6606,0,18741
"2025-02-25T00:00:00","22:30","2025-02-25T00:00:00",45,2424,6606,0,18741
"2025-02-25T00:00:00","23:00","2025-02-25T00:00:00",46,2405,6606,0,18741
"2025-02-25T00:00:00","23:30","2025-02-25T00:00:00",47,2405,6606,0,18741
"2025-02-26T00:00:00","00:00","2025-02-25T00:00:00",48,2388,6606,0,18741
